KOR Export File,,,,,,,,,,,,,,,,,,,,,,,,,,
,,,,,,,,,,,,,,,,,,,,,,,,,,
File Created:10/29/2015 11:47:20 AM,,,,,,,,,,,,,,,,,,,,,,,,,,
,,,,,,,,,,,,,,,,,,,,,,,,,,
Sonde ID,Sonde 15D101940,,,,,,,,,,,,,,,,,,,,,,,,,
User ID,profile,,,,,,,,,,,,,,,,,,,,,,,,,
Site,site_051915_124203,,,,,,,,,,,,,,,,,,,,,,,,,
Template,LTM_15D100070_102915_082242,,,,,,,,,,,,,,,,,,,,,,,,,
Averaging Mode,Default,,,,,,,,,,,,,,,,,,,,,,,,,
Time Zone,(UTC+03:00) Nairobi,,,,,,,,,,,,,,,,,,,,,,,,,
,,,,,,,,,,,,,,,,,,,,,,,,,,
Devices List:,,,,,,,,,,,,,,,,,,,,,,,,,,
Name,SN,Firmware,Corresponding Data Column(s),,,,,,,,,,,,,,,,,,,,,,,
Data Collection Device,,,1;2;3;4;5,,,,,,,,,,,,,,,,,,,,,,,
EXO2 Sonde,15D101940,1.0.12,6;7,,,,,,,,,,,,,,,,,,,,,,,
pH/ORP,15D101913,3.0.0,8;9;10;11,,,,,,,,,,,,,,,,,,,,,,,
Total Algae BGA-PC,15C104484,3.0.0,12;13;14;15,,,,,,,,,,,,,,,,,,,,,,,
Conductivity/Temp,15C104434,3.0.0,16;17;18;19;20;21,,,,,,,,,,,,,,,,,,,,,,,
Optical DO,15C105023,3.0.0,22;23,,,,,,,,,,,,,,,,,,,,,,,
Depth Non-Vented 0-100m,15D101235,3.0.0,24;25,,,,,,,,,,,,,,,,,,,,,,,
,,,,,,,,,,,,,,,,,,,,,,,,,,
1,2,3,4,5,6,7,8,9,10,11,12,13,14,15,16,17,18,19,20,21,22,23,24,25,,
Date (MM/DD/YYYY),Time (HH:MM:SS),Time (Fract. Sec),Site Name,Fault Code,Battery V,Cable Pwr V,pH,pH mV,ORP mV,ORP raw mV,Chlorophyll RFU,Chlorophyll µg/L,BGA-PC RFU,BGA-PC µg/L,Temp °C,Cond µS/cm,SpCond µS/cm,Sal psu,nLF Cond µS/cm,TDS mg/L,ODO % sat,ODO mg/L,Press psi a,Depth m,,
10/29/2015,11:23:57,0,site_051915_124203,0,5.7,0,8.46,-83.2,129.4,129.4,0.34,1.37,0.22,0.61,23.798,6.5,6.6,0,6.7,4,87.7,7.41,-1.345,-0.948,,
10/29/2015,11:23:59,0,site_051915_124203,0,5.7,0,8.47,-83.7,129.6,129.6,0.35,1.41,0.22,0.61,23.795,6.5,6.6,0,6.7,4,87.7,7.41,-1.344,-0.948,,
10/29/2015,11:24:01,0,site_051915_124203,0,5.7,0,8.46,-82.9,129.5,129.5,0.34,1.38,0.22,0.63,23.792,6.5,6.6,0,6.6,4,87.7,7.41,-1.344,-0.948,,
10/29/2015,11:24:03,0,site_051915_124203,0,5.7,0,8.4,-79.8,129.6,129.6,0.36,1.44,0.24,0.66,23.789,6.5,6.6,0,6.6,4,87.7,7.41,-1.344,-0.948,,
10/29/2015,11:24:05,0,site_051915_124203,0,5.7,0,8.47,-83.6,129.7,129.7,0.36,1.44,0.24,0.67,23.782,6.4,6.6,0,6.6,4,87.7,7.41,-1.344,-0.948,,
10/29/2015,11:24:07,0,site_051915_124203,0,5.7,0,8.46,-83.1,129.6,129.6,0.34,1.36,0.24,0.67,23.775,6.4,6.6,0,6.6,4,87.7,7.41,-1.344,-0.948,,
10/29/2015,11:24:09,0,site_051915_124203,0,5.7,0,8.47,-83.6,129.5,129.5,0.34,1.36,0.24,0.66,23.769,6.4,6.6,0,6.6,4,87.7,7.41,-1.344,-0.948,,
10/29/2015,11:24:11,0,site_051915_124203,0,5.7,0,8.47,-83.8,129.3,129.3,0.34,1.37,0.24,0.67,23.764,6.4,6.5,0,6.6,4,87.7,7.42,-1.344,-0.948,,
10/29/2015,11:24:13,0,site_051915_124203,0,5.7,0,8.48,-84,129.4,129.4,0.33,1.34,0.25,0.7,23.76,6.4,6.5,0,6.6,4,87.7,7.42,-1.344,-0.947,,
10/29/2015,11:24:15,0,site_051915_124203,0,5.7,0,8.52,-86.4,110.6,110.6,0.33,1.33,0.25,0.7,23.759,6.5,6.7,0,6.7,4,87.7,7.42,-1.344,-0.947,,
10/29/2015,11:24:17,0,site_051915_124203,0,5.7,0,8.56,-89.2,110.7,110.7,0.35,1.41,0.26,0.72,23.76,6.7,6.9,0,6.9,4,87.7,7.42,-1.344,-0.947,,
10/29/2015,11:24:19,0,site_051915_124203,0,5.7,0,8.58,-90.3,111.1,111.1,0.35,1.4,0.26,0.73,23.763,6.8,6.9,0,7,5,87.7,7.42,-1.344,-0.947,,
10/29/2015,11:24:21,0,site_051915_124203,0,5.7,0,8.57,-89.7,109.4,109.4,0.35,1.41,0.26,0.73,23.767,6.8,7,0,7,5,87.8,7.42,-1.344,-0.947,,
10/29/2015,11:24:23,0,site_051915_124203,0,5.6,0,8.57,-89.7,108.8,108.8,0.35,1.41,0.25,0.71,23.769,6.8,6.9,0,7,5,87.8,7.42,-1.344,-0.947,,
10/29/2015,11:24:25,0,site_051915_124203,0,5.6,0,8.58,-90,108.2,108.2,0.36,1.45,0.26,0.73,23.771,7.1,7.2,0,7.2,5,87.8,7.43,-1.344,-0.947,,
10/29/2015,11:24:27,0,site_051915_124203,0,5.6,0,8.65,-94,107.6,107.6,0.36,1.43,0.27,0.75,23.774,7.2,7.3,0,7.3,5,87.9,7.43,-1.344,-0.947,,
10/29/2015,11:24:29,0,site_051915_124203,0,5.6,0,8.67,-95.1,107,107,0.36,1.43,0.27,0.75,23.777,7,7.2,0,7.2,5,87.9,7.44,-1.344,-0.947,,
10/29/2015,11:24:31,0,site_051915_124203,0,5.6,0,8.66,-94.6,106.5,106.5,0.36,1.42,0.26,0.74,23.781,6.8,6.9,0,7,5,88,7.44,-1.344,-0.947,,
10/29/2015,11:24:33,0,site_051915_124203,0,5.6,0,8.65,-94.3,106,106,0.36,1.45,0.27,0.74,23.786,6.8,6.9,0,6.9,4,88.1,7.45,-1.344,-0.947,,
10/29/2015,11:24:35,0,site_051915_124203,0,5.6,0,8.63,-93.3,105.6,105.6,0.36,1.43,0.26,0.73,23.792,6.7,6.9,0,6.9,4,88.2,7.45,-1.343,-0.947,,
10/29/2015,11:24:37,0,site_051915_124203,0,5.6,0,8.62,-92.7,105.2,105.2,0.35,1.38,0.26,0.73,23.802,6.6,6.7,0,6.7,4,88.2,7.46,-1.343,-0.947,,
10/29/2015,11:24:39,0,site_051915_124203,0,5.6,0,8.62,-92.7,105,105,0.35,1.42,0.25,0.7,23.811,6.3,6.4,0,6.4,4,88.3,7.46,-1.343,-0.947,,
10/29/2015,11:24:41,0,site_051915_124203,0,5.6,0,8.62,-92.4,104.4,104.4,0.36,1.44,0.25,0.71,23.819,6.1,6.3,0,6.3,4,88.3,7.46,-1.343,-0.947,,
10/29/2015,11:24:43,0,site_051915_124203,0,5.6,0,8.62,-92.7,104,104,0.35,1.4,0.24,0.69,23.826,6.1,6.2,0,6.2,4,88.3,7.46,-1.343,-0.947,,
10/29/2015,11:24:45,0,site_051915_124203,0,5.6,0,8.58,-90.3,103.8,103.8,0.35,1.38,0.23,0.66,23.832,6,6.2,0,6.2,4,88.4,7.46,-1.343,-0.947,,
10/29/2015,11:24:47,0,site_051915_124203,0,5.6,0,8.63,-93.2,103.5,103.5,0.35,1.41,0.24,0.67,23.836,6,6.1,0,6.2,4,88.4,7.47,-1.343,-0.947,,
10/29/2015,11:24:49,0,site_051915_124203,0,5.6,0,8.63,-93,103.2,103.2,0.36,1.42,0.23,0.65,23.84,6,6.2,0,6.2,4,88.4,7.47,-1.343,-0.947,,
10/29/2015,11:24:51,0,site_051915_124203,0,5.6,0,8.62,-92.6,103.2,103.2,0.36,1.45,0.23,0.63,23.843,6,6.2,0,6.2,4,88.4,7.47,-1.343,-0.947,,
10/29/2015,11:24:53,0,site_051915_124203,0,5.6,0,8.62,-92.4,103.2,103.2,0.37,1.47,0.23,0.64,23.845,6.1,6.2,0,6.2,4,88.5,7.47,-1.343,-0.947,,
10/29/2015,11:24:55,0,site_051915_124203,0,5.6,0,8.63,-92.8,103.2,103.2,0.36,1.44,0.23,0.65,23.848,6.1,6.2,0,6.2,4,88.5,7.47,-1.343,-0.947,,
10/29/2015,11:24:57,0,site_051915_124203,0,5.6,0,8.63,-93,103.4,103.4,0.36,1.43,0.23,0.64,23.852,6.1,6.2,0,6.2,4,88.5,7.47,-1.343,-0.947,,
10/29/2015,11:24:59,0,site_051915_124203,0,5.6,0,8.63,-93.1,103.6,103.6,0.36,1.45,0.23,0.64,23.856,6.1,6.2,0,6.3,4,88.5,7.47,-1.343,-0.947,,
10/29/2015,11:25:01,0,site_051915_124203,0,5.6,0,8.63,-93,106,106,0.37,1.47,0.23,0.65,23.859,6.1,6.2,0,6.2,4,88.6,7.48,-1.343,-0.947,,
10/29/2015,11:25:03,0,site_051915_124203,0,5.6,0,8.63,-93.1,107,107,0.37,1.48,0.22,0.61,23.861,6.1,6.2,0,6.2,4,88.6,7.48,-1.343,-0.947,,
10/29/2015,11:25:05,0,site_051915_124203,0,5.6,0,8.63,-93,108.6,108.6,0.37,1.5,0.24,0.68,23.864,6.1,6.2,0,6.2,4,88.6,7.48,-1.343,-0.947,,
10/29/2015,11:25:07,0,site_051915_124203,0,5.6,0,8.63,-92.9,107.5,107.5,0.37,1.5,0.24,0.66,23.866,6.1,6.2,0,6.2,4,88.7,7.48,-1.343,-0.947,,
10/29/2015,11:25:09,0,site_051915_124203,0,5.6,0,8.63,-92.8,107.6,107.6,0.38,1.52,0.24,0.67,23.868,6.1,6.2,0,6.2,4,88.7,7.48,-1.343,-0.947,,
10/29/2015,11:25:11,0,site_051915_124203,0,5.6,0,8.62,-92.6,106.9,106.9,0.37,1.5,0.24,0.67,23.87,6.1,6.2,0,6.3,4,88.7,7.49,-1.343,-0.947,,
10/29/2015,11:25:13,0,site_051915_124203,0,5.4,0,8.61,-91.7,106.8,106.8,0.36,1.46,0.24,0.66,23.872,6.2,6.3,0,6.3,4,88.7,7.49,-1.343,-0.947,,
10/29/2015,11:25:15,0,site_051915_124203,0,5.4,0,8.61,-91.6,106.9,106.9,0.36,1.45,0.23,0.63,23.874,6.2,6.3,0,6.3,4,88.7,7.49,-1.343,-0.947,,
10/29/2015,11:25:17,0,site_051915_124203,0,5.4,0,8.61,-92,107,107,0.36,1.43,0.22,0.63,23.877,6.2,6.3,0,6.3,4,88.7,7.49,-1.343,-0.947,,
10/29/2015,11:25:19,0,site_051915_124203,0,5.4,0,8.61,-91.8,110,110,0.36,1.44,0.22,0.62,23.879,6.2,6.3,0,6.3,4,88.7,7.49,-1.343,-0.947,,
10/29/2015,11:25:21,0,site_051915_124203,0,5.4,0,8.61,-91.9,110.7,110.7,0.36,1.44,0.22,0.61,23.882,6.1,6.3,0,6.3,4,88.7,7.49,-1.343,-0.947,,
10/29/2015,11:25:23,0,site_051915_124203,0,5.6,0,8.6,-91.4,112.7,112.7,0.35,1.38,0.22,0.6,23.882,6.1,6.2,0,6.2,4,88.7,7.48,-1.343,-0.947,,
10/29/2015,11:25:25,0,site_051915_124203,0,5.6,0,8.61,-91.8,106.3,106.3,0.34,1.37,0.22,0.6,23.882,6,6.2,0,6.2,4,88.7,7.48,-1.343,-0.947,,
10/29/2015,11:25:27,0,site_051915_124203,0,5.6,0,8.52,-86.5,116.7,116.7,0.34,1.35,0.2,0.57,23.882,6,6.1,0,6.1,4,88.7,7.48,-1.343,-0.947,,
10/29/2015,11:25:29,0,site_051915_124203,0,5.6,0,8.61,-91.6,114.7,114.7,0.33,1.32,0.19,0.54,23.881,5.9,6,0,6,4,88.7,7.48,-1.343,-0.947,,
10/29/2015,11:25:31,0,site_051915_124203,0,5.6,0,8.63,-93.1,115.6,115.6,0.35,1.38,0.18,0.51,23.881,5.8,5.9,0,5.9,4,88.7,7.48,-1.343,-0.947,,
10/29/2015,11:25:33,0,site_051915_124203,0,5.6,0,8.65,-93.9,116.5,116.5,0.35,1.4,0.2,0.55,23.88,5.6,5.8,0,5.8,4,88.7,7.48,-1.343,-0.947,,
10/29/2015,11:25:35,0,site_051915_124203,0,5.6,0,8.63,-93.3,123.4,123.4,0.35,1.4,0.19,0.52,23.881,5.5,5.6,0,5.7,4,88.7,7.48,-1.343,-0.947,,
10/29/2015,11:25:37,0,site_051915_124203,0,5.6,0,8.62,-92.5,128.2,128.2,0.35,1.42,0.21,0.58,23.882,5.4,5.5,0,5.5,4,88.7,7.48,-1.343,-0.947,,
10/29/2015,11:25:39,0,site_051915_124203,0,5.6,0,8.62,-92.3,125.9,125.9,0.35,1.4,0.21,0.58,23.882,5.3,5.4,0,5.4,3,88.7,7.49,-1.343,-0.947,,
10/29/2015,11:25:41,0,site_051915_124203,0,5.6,0,8.61,-92.1,126.7,126.7,0.36,1.46,0.21,0.59,23.882,5.2,5.3,0,5.3,3,88.7,7.49,-1.343,-0.947,,
10/29/2015,11:25:43,0,site_051915_124203,0,5.6,0,8.6,-91.6,127.6,127.6,0.36,1.46,0.2,0.56,23.881,5.1,5.2,0,5.3,3,88.7,7.49,-1.343,-0.947,,
10/29/2015,11:25:45,0,site_051915_124203,0,5.6,0,8.6,-91.4,128.1,128.1,0.37,1.47,0.2,0.55,23.88,5.1,5.2,0,5.2,3,88.7,7.49,-1.343,-0.947,,
10/29/2015,11:25:47,0,site_051915_124203,0,5.6,0,8.6,-91.4,117.2,117.2,0.37,1.47,0.2,0.56,23.878,5.1,5.2,0,5.2,3,88.7,7.49,-1.343,-0.947,,
10/29/2015,11:25:49,0,site_051915_124203,0,5.6,0,8.61,-91.6,116.4,116.4,0.38,1.5,0.2,0.56,23.876,5.1,5.2,0,5.2,3,88.7,7.49,-1.343,-0.947,,
10/29/2015,11:25:51,0,site_051915_124203,0,5.6,0,8.61,-91.8,116.6,116.6,0.37,1.47,0.2,0.57,23.874,5.1,5.2,0,5.2,3,88.7,7.49,-1.343,-0.947,,
10/29/2015,11:25:53,0,site_051915_124203,0,5.6,0,8.6,-91.5,123.2,123.2,0.36,1.43,0.21,0.58,23.873,5.2,5.3,0,5.3,3,88.7,7.49,-1.343,-0.947,,
10/29/2015,11:25:55,0,site_051915_124203,0,5.6,0,8.57,-89.5,118.1,118.1,0.36,1.45,0.21,0.59,23.869,5.3,5.4,0,5.4,4,88.7,7.49,-1.343,-0.947,,
10/29/2015,11:25:57,0,site_051915_124203,0,5.6,0,8.56,-89.1,116.1,116.1,0.37,1.47,0.2,0.57,23.863,5.4,5.5,0,5.5,4,88.7,7.49,-1.343,-0.947,,
10/29/2015,11:25:59,0,site_051915_124203,0,5.6,0,8.55,-88.7,115.4,115.4,0.37,1.47,0.2,0.56,23.854,5.4,5.6,0,5.6,4,88.7,7.48,-1.343,-0.947,,
10/29/2015,11:26:01,0,site_051915_124203,0,5.6,0,8.56,-89.2,118.7,118.7,0.36,1.46,0.2,0.57,23.843,5.5,5.6,0,5.6,4,88.6,7.48,-1.344,-0.947,,
10/29/2015,11:26:03,0,site_051915_124203,0,5.6,0,8.57,-89.7,119.1,119.1,0.36,1.45,0.21,0.58,23.831,5.5,5.6,0,5.7,4,88.6,7.48,-1.344,-0.947,,
10/29/2015,11:26:05,0,site_051915_124203,0,5.6,0,8.63,-93.1,117.9,117.9,0.36,1.45,0.2,0.55,23.819,5.8,5.9,0,5.9,4,88.6,7.48,-1.344,-0.947,,
10/29/2015,11:26:07,0,site_051915_124203,0,5.6,0,8.66,-94.6,116.4,116.4,0.37,1.47,0.2,0.57,23.81,6.1,6.2,0,6.2,4,88.6,7.48,-1.344,-0.947,,
10/29/2015,11:26:09,0,site_051915_124203,0,5.6,0,8.63,-92.9,115.9,115.9,0.37,1.48,0.21,0.58,23.804,6.3,6.5,0,6.5,4,88.6,7.48,-1.344,-0.947,,
10/29/2015,11:26:11,0,site_051915_124203,0,5.6,0,8.63,-93.1,115.8,115.8,0.37,1.48,0.22,0.62,23.801,6.6,6.7,0,6.7,4,88.6,7.49,-1.344,-0.947,,
10/29/2015,11:26:13,0,site_051915_124203,0,5.6,0,8.64,-93.8,115,115,0.37,1.48,0.22,0.63,23.802,6.8,7,0,7,5,88.6,7.49,-1.344,-0.947,,
10/29/2015,11:26:15,0,site_051915_124203,0,5.6,0,8.64,-93.6,114.4,114.4,0.37,1.49,0.23,0.64,23.805,7.1,7.3,0,7.3,5,88.7,7.49,-1.344,-0.947,,
10/29/2015,11:26:17,0,site_051915_124203,0,5.6,0,8.64,-93.9,113.8,113.8,0.37,1.49,0.24,0.68,23.811,7.2,7.4,0,7.4,5,88.8,7.5,-1.344,-0.948,,
10/29/2015,11:26:19,0,site_051915_124203,0,5.6,0,8.59,-90.5,113.5,113.5,0.36,1.42,0.24,0.68,23.815,7.1,7.3,0,7.3,5,88.8,7.5,-1.344,-0.948,,
10/29/2015,11:26:21,0,site_051915_124203,0,5.6,0,8.57,-89.6,113.7,113.7,0.35,1.39,0.25,0.69,23.819,7,7.1,0,7.2,5,88.9,7.51,-1.344,-0.948,,
10/29/2015,11:26:23,0,site_051915_124203,0,5.6,0,8.62,-92.6,111.5,111.5,0.34,1.37,0.26,0.73,23.821,7,7.2,0,7.2,5,88.9,7.51,-1.344,-0.948,,
10/29/2015,11:26:25,0,site_051915_124203,0,5.6,0,8.65,-94.2,109.2,109.2,0.35,1.39,0.26,0.73,23.822,7.1,7.3,0,7.3,5,89,7.52,-1.344,-0.948,,
10/29/2015,11:26:27,0,site_051915_124203,0,5.6,0,8.59,-90.6,112.4,112.4,0.35,1.4,0.27,0.74,23.824,7.2,7.3,0,7.4,5,89,7.52,-1.344,-0.948,,
10/29/2015,11:26:29,0,site_051915_124203,0,5.6,0,8.63,-93.3,110.4,110.4,0.35,1.42,0.26,0.72,23.824,7.2,7.4,0,7.4,5,89,7.52,-1.345,-0.948,,
10/29/2015,11:26:31,0,site_051915_124203,0,5.6,0,8.65,-93.9,109.6,109.6,0.36,1.45,0.25,0.7,23.826,7.2,7.4,0,7.4,5,89.1,7.52,-1.345,-0.948,,
10/29/2015,11:26:33,0,site_051915_124203,0,5.6,0,8.64,-93.7,109.4,109.4,0.36,1.44,0.25,0.7,23.829,7.2,7.4,0,7.4,5,89.1,7.52,-1.345,-0.948,,
10/29/2015,11:26:35,0,site_051915_124203,0,5.6,0,8.57,-89.6,109.8,109.8,0.37,1.49,0.24,0.67,23.833,7.2,7.4,0,7.4,5,89.1,7.53,-1.345,-0.948,,
10/29/2015,11:26:37,0,site_051915_124203,0,5.6,0,8.56,-89,113.2,113.2,0.37,1.47,0.24,0.66,23.837,7.1,7.2,0,7.2,5,89.1,7.53,-1.345,-0.948,,
10/29/2015,11:26:39,0,site_051915_124203,0,5.6,0,8.57,-89.7,113.5,113.5,0.37,1.46,0.23,0.64,23.841,6.9,7,0,7,5,89.1,7.52,-1.345,-0.948,,
10/29/2015,11:26:41,0,site_051915_124203,0,5.6,0,8.6,-91.6,111.7,111.7,0.36,1.45,0.23,0.65,23.843,6.7,6.9,0,6.9,4,89,7.52,-1.345,-0.948,,
10/29/2015,11:26:43,0,site_051915_124203,0,5.6,0,8.63,-92.8,109.4,109.4,0.36,1.44,0.23,0.66,23.845,6.7,6.8,0,6.8,4,89,7.52,-1.345,-0.948,,
10/29/2015,11:26:45,0,site_051915_124203,0,5.6,0,8.63,-93.3,106.2,106.2,0.36,1.43,0.23,0.64,23.846,6.6,6.7,0,6.8,4,89,7.52,-1.345,-0.948,,
10/29/2015,11:26:47,0,site_051915_124203,0,5.6,0,8.64,-93.5,107.1,107.1,0.35,1.42,0.23,0.64,23.848,6.5,6.7,0,6.7,4,89,7.51,-1.345,-0.948,,
10/29/2015,11:26:49,0,site_051915_124203,0,5.6,0,8.63,-93.2,116,116,0.35,1.41,0.23,0.64,23.849,6.5,6.6,0,6.7,4,89,7.51,-1.345,-0.948,,
10/29/2015,11:26:51,0,site_051915_124203,0,5.6,0,8.61,-92.1,115.3,115.3,0.35,1.42,0.23,0.64,23.85,6.5,6.6,0,6.6,4,89,7.51,-1.345,-0.948,,
10/29/2015,11:26:53,0,site_051915_124203,0,5.6,0,8.63,-93.3,114.3,114.3,0.35,1.41,0.22,0.63,23.851,6.5,6.6,0,6.6,4,89,7.51,-1.345,-0.948,,
10/29/2015,11:26:55,0,site_051915_124203,0,5.6,0,8.62,-92.7,113.2,113.2,0.34,1.38,0.23,0.65,23.852,6.4,6.6,0,6.6,4,89,7.51,-1.345,-0.948,,
10/29/2015,11:26:57,0,site_051915_124203,0,5.6,0,8.61,-92.1,113.8,113.8,0.34,1.38,0.23,0.65,23.851,6.4,6.6,0,6.6,4,88.9,7.51,-1.345,-0.948,,
10/29/2015,11:26:59,0,site_051915_124203,0,5.6,0,8.61,-91.6,125.4,125.4,0.35,1.39,0.23,0.65,23.85,6.5,6.7,0,6.7,4,88.9,7.51,-1.345,-0.948,,
10/29/2015,11:27:01,0,site_051915_124203,0,5.6,0,8.53,-87.5,126.5,126.5,0.35,1.38,0.22,0.63,23.846,6.6,6.7,0,6.7,4,88.9,7.51,-1.345,-0.948,,
10/29/2015,11:27:03,0,site_051915_124203,0,5.6,0,8.57,-89.8,126.5,126.5,0.35,1.4,0.23,0.64,23.84,6.6,6.8,0,6.8,4,88.9,7.51,-1.345,-0.948,,
10/29/2015,11:27:05,0,site_051915_124203,0,5.6,0,8.58,-90.3,126.1,126.1,0.36,1.43,0.22,0.62,23.835,6.6,6.7,0,6.7,4,88.9,7.51,-1.345,-0.948,,
10/29/2015,11:27:07,0,site_051915_124203,0,5.6,0,8.59,-90.5,126.3,126.3,0.36,1.42,0.23,0.63,23.829,6.5,6.7,0,6.7,4,88.9,7.51,-1.345,-0.948,,
10/29/2015,11:27:09,0,site_051915_124203,0,5.6,0,8.59,-91,116.9,116.9,0.37,1.47,0.23,0.63,23.822,6.5,6.6,0,6.6,4,88.9,7.51,-1.345,-0.949,,
10/29/2015,11:27:11,0,site_051915_124203,0,5.6,0,8.6,-91.5,118.9,118.9,0.36,1.46,0.23,0.66,23.815,6.3,6.5,0,6.5,4,88.9,7.51,-1.345,-0.948,,
10/29/2015,11:27:13,0,site_051915_124203,0,5.6,0,8.61,-91.7,116.6,116.6,0.37,1.47,0.24,0.66,23.81,6.2,6.3,0,6.3,4,89,7.51,-1.345,-0.949,,
10/29/2015,11:27:15,0,site_051915_124203,0,5.6,0,8.61,-92.1,115.5,115.5,0.37,1.47,0.24,0.66,23.807,6,6.2,0,6.2,4,89,7.52,-1.345,-0.949,,
10/29/2015,11:27:17,0,site_051915_124203,0,5.6,0,8.61,-92.1,116.5,116.5,0.37,1.47,0.23,0.65,23.803,5.9,6.1,0,6.1,4,89,7.52,-1.345,-0.948,,
10/29/2015,11:27:19,0,site_051915_124203,0,5.6,0,8.62,-92.2,118.6,118.6,0.37,1.46,0.23,0.64,23.8,5.9,6,0,6,4,89,7.53,-1.345,-0.949,,
10/29/2015,11:27:21,0,site_051915_124203,0,5.6,0,8.61,-92.2,120.1,120.1,0.37,1.47,0.22,0.62,23.799,5.8,6,0,6,4,89.1,7.53,-1.346,-0.949,,
10/29/2015,11:27:23,0,site_051915_124203,0,5.6,0,8.62,-92.4,118.4,118.4,0.37,1.47,0.23,0.64,23.797,5.8,5.9,0,5.9,4,89.1,7.53,-1.346,-0.949,,
10/29/2015,11:27:25,0,site_051915_124203,0,5.6,0,8.62,-92.6,118.5,118.5,0.37,1.48,0.24,0.67,23.796,5.7,5.8,0,5.8,4,89.1,7.53,-1.346,-0.949,,
10/29/2015,11:27:27,0,site_051915_124203,0,5.6,0,8.63,-93,118.6,118.6,0.38,1.5,0.23,0.64,23.793,5.6,5.7,0,5.7,4,89.2,7.53,-1.346,-0.949,,
10/29/2015,11:27:29,0,site_051915_124203,0,5.6,0,8.63,-93.2,118.8,118.8,0.38,1.5,0.23,0.64,23.792,5.5,5.6,0,5.6,4,89.2,7.54,-1.346,-0.949,,
10/29/2015,11:27:31,0,site_051915_124203,0,5.6,0,8.64,-93.4,118.7,118.7,0.37,1.5,0.22,0.61,23.79,5.4,5.5,0,5.5,4,89.2,7.54,-1.346,-0.949,,
10/29/2015,11:27:33,0,site_051915_124203,0,5.6,0,8.64,-93.4,118.2,118.2,0.37,1.5,0.21,0.6,23.788,5.3,5.4,0,5.4,4,89.2,7.54,-1.346,-0.949,,
10/29/2015,11:27:35,0,site_051915_124203,0,5.6,0,8.64,-93.6,117.9,117.9,0.37,1.48,0.21,0.59,23.787,5.2,5.4,0,5.4,3,89.2,7.54,-1.346,-0.949,,
10/29/2015,11:27:37,0,site_051915_124203,0,5.6,0,8.64,-93.6,117.5,117.5,0.37,1.48,0.22,0.61,23.785,5.2,5.3,0,5.3,3,89.2,7.54,-1.346,-0.949,,
10/29/2015,11:27:39,0,site_051915_124203,0,5.6,0,8.64,-93.7,117.3,117.3,0.36,1.45,0.22,0.62,23.783,5.2,5.3,0,5.3,3,89.2,7.54,-1.346,-0.949,,
10/29/2015,11:27:41,0,site_051915_124203,0,5.6,0,8.64,-93.7,117.4,117.4,0.37,1.46,0.24,0.68,23.78,5.2,5.3,0,5.3,3,89.2,7.54,-1.346,-0.949,,
10/29/2015,11:27:43,0,site_051915_124203,0,5.6,0,8.64,-93.8,117.5,117.5,0.36,1.44,0.24,0.67,23.778,5.2,5.3,0,5.3,3,89.2,7.54,-1.346,-0.949,,
10/29/2015,11:27:45,0,site_051915_124203,0,5.6,0,8.64,-93.8,117.1,117.1,0.36,1.45,0.23,0.65,23.776,5.1,5.3,0,5.3,3,89.2,7.54,-1.346,-0.949,,
10/29/2015,11:27:47,0,site_051915_124203,0,5.6,0,8.64,-93.7,116.8,116.8,0.36,1.46,0.24,0.66,23.772,5.1,5.3,0,5.3,3,89.2,7.54,-1.346,-0.949,,
10/29/2015,11:27:49,0,site_051915_124203,0,5.6,0,8.64,-93.8,116.2,116.2,0.38,1.5,0.24,0.67,23.769,5.1,5.3,0,5.3,3,89.2,7.54,-1.346,-0.949,,
10/29/2015,11:27:51,0,site_051915_124203,0,5.6,0,8.64,-93.8,115.7,115.7,0.38,1.51,0.24,0.67,23.767,5.1,5.2,0,5.3,3,89.2,7.55,-1.346,-0.949,,
10/29/2015,11:27:53,0,site_051915_124203,0,5.6,0,8.64,-93.9,115.1,115.1,0.38,1.52,0.24,0.67,23.764,5.1,5.2,0,5.2,3,89.3,7.55,-1.346,-0.949,,
10/29/2015,11:27:55,0,site_051915_124203,0,5.6,0,8.64,-93.9,114.7,114.7,0.37,1.47,0.23,0.66,23.762,5.1,5.2,0,5.2,3,89.3,7.55,-1.346,-0.949,,
10/29/2015,11:27:57,0,site_051915_124203,0,5.6,0,8.64,-93.8,114.6,114.6,0.36,1.43,0.24,0.67,23.761,5.1,5.2,0,5.2,3,89.3,7.55,-1.346,-0.949,,
10/29/2015,11:27:59,0,site_051915_124203,0,5.6,0,8.64,-93.8,114.4,114.4,0.35,1.41,0.24,0.67,23.759,5.1,5.2,0,5.2,3,89.3,7.55,-1.346,-0.949,,
10/29/2015,11:28:01,0,site_051915_124203,0,5.6,0,8.64,-93.7,114.5,114.5,0.36,1.46,0.23,0.65,23.758,5.1,5.2,0,5.2,3,89.3,7.55,-1.346,-0.949,,
10/29/2015,11:28:03,0,site_051915_124203,0,5.6,0,8.64,-93.7,114.4,114.4,0.35,1.41,0.24,0.67,23.756,5.1,5.2,0,5.2,3,89.3,7.55,-1.346,-0.949,,
10/29/2015,11:28:05,0,site_051915_124203,0,5.6,0,8.64,-93.6,114.4,114.4,0.36,1.45,0.24,0.68,23.754,5.1,5.2,0,5.2,3,89.3,7.55,-1.346,-0.949,,
10/29/2015,11:28:07,0,site_051915_124203,0,5.6,0,8.64,-93.6,114.4,114.4,0.36,1.45,0.24,0.68,23.752,5.1,5.2,0,5.2,3,89.3,7.55,-1.346,-0.949,,
10/29/2015,11:28:09,0,site_051915_124203,0,5.6,0,8.64,-93.4,114.6,114.6,0.37,1.5,0.25,0.69,23.75,5.1,5.2,0,5.2,3,89.2,7.55,-1.346,-0.949,,
10/29/2015,11:28:11,0,site_051915_124203,0,5.6,0,8.64,-93.4,114.5,114.5,0.38,1.5,0.25,0.71,23.747,5.1,5.2,0,5.2,3,89.2,7.55,-1.346,-0.949,,
10/29/2015,11:28:13,0,site_051915_124203,0,5.6,0,8.64,-93.3,114.4,114.4,0.36,1.45,0.26,0.71,23.744,5.1,5.2,0,5.2,3,89.2,7.55,-1.346,-0.949,,
10/29/2015,11:28:15,0,site_051915_124203,0,5.6,0,8.64,-93.3,114.3,114.3,0.37,1.46,0.26,0.73,23.741,5.1,5.2,0,5.2,3,89.2,7.55,-1.346,-0.949,,
10/29/2015,11:28:17,0,site_051915_124203,0,5.6,0,8.63,-93.3,114.2,114.2,0.36,1.43,0.26,0.72,23.739,5.1,5.2,0,5.2,3,89.2,7.55,-1.346,-0.949,,
10/29/2015,11:28:19,0,site_051915_124203,0,5.6,0,8.63,-93.1,114,114,0.37,1.48,0.25,0.7,23.736,5.1,5.2,0,5.2,3,89.2,7.55,-1.346,-0.949,,
10/29/2015,11:28:21,0,site_051915_124203,0,5.6,0,8.63,-93.1,113.7,113.7,0.37,1.5,0.24,0.68,23.734,5.1,5.2,0,5.2,3,89.2,7.55,-1.346,-0.949,,
10/29/2015,11:28:23,0,site_051915_124203,0,5.6,0,8.63,-93.1,113.5,113.5,0.37,1.49,0.23,0.65,23.733,5.1,5.2,0,5.2,3,89.3,7.55,-1.346,-0.949,,
10/29/2015,11:28:25,0,site_051915_124203,0,5.6,0,8.63,-93,113.3,113.3,0.37,1.48,0.22,0.62,23.731,5,5.2,0,5.2,3,89.2,7.55,-1.346,-0.949,,
10/29/2015,11:28:27,0,site_051915_124203,0,5.6,0,8.63,-92.9,113,113,0.39,1.55,0.21,0.6,23.728,5,5.2,0,5.2,3,89.2,7.55,-1.346,-0.949,,
10/29/2015,11:28:29,0,site_051915_124203,0,5.6,0,8.63,-92.9,112.8,112.8,0.38,1.51,0.23,0.63,23.726,5,5.2,0,5.2,3,89.2,7.55,-1.346,-0.949,,
10/29/2015,11:28:31,0,site_051915_124203,0,5.6,0,8.63,-92.9,112.6,112.6,0.37,1.49,0.22,0.6,23.723,5,5.2,0,5.2,3,89.2,7.55,-1.346,-0.949,,
10/29/2015,11:28:33,0,site_051915_124203,0,5.6,0,8.63,-92.8,111.1,111.1,0.38,1.53,0.21,0.6,23.718,5,5.2,0,5.2,3,89.2,7.55,-1.346,-0.949,,
10/29/2015,11:28:35,0,site_051915_124203,0,5.6,0,8.63,-92.8,109.9,109.9,0.37,1.5,0.21,0.6,23.714,5,5.2,0,5.2,3,89.2,7.55,-1.346,-0.949,,
10/29/2015,11:28:37,0,site_051915_124203,0,5.6,0,8.63,-93,108.8,108.8,0.38,1.52,0.22,0.61,23.711,5,5.2,0,5.2,3,89.2,7.55,-1.346,-0.949,,
10/29/2015,11:28:39,0,site_051915_124203,0,5.6,0,8.63,-92.9,108.9,108.9,0.38,1.51,0.22,0.62,23.709,5,5.1,0,5.2,3,89.2,7.55,-1.346,-0.949,,
10/29/2015,11:28:41,0,site_051915_124203,0,5.6,0,8.63,-93.1,108.8,108.8,0.38,1.5,0.22,0.62,23.709,5,5.1,0,5.1,3,89.3,7.56,-1.346,-0.949,,
10/29/2015,11:28:43,0,site_051915_124203,0,5.6,0,8.63,-93.3,109.4,109.4,0.39,1.55,0.24,0.68,23.71,5,5.1,0,5.1,3,89.3,7.56,-1.346,-0.949,,
10/29/2015,11:28:45,0,site_051915_124203,0,5.6,0,8.64,-93.3,109.6,109.6,0.38,1.51,0.24,0.68,23.712,5,5.1,0,5.1,3,89.3,7.56,-1.346,-0.949,,
10/29/2015,11:28:47,0,site_051915_124203,0,5.6,0,8.64,-93.4,110,110,0.39,1.54,0.23,0.64,23.715,5,5.1,0,5.1,3,89.3,7.56,-1.346,-0.949,,
10/29/2015,11:28:49,0,site_051915_124203,0,5.6,0,8.64,-93.7,110.2,110.2,0.38,1.5,0.24,0.66,23.718,5,5.1,0,5.1,3,89.4,7.56,-1.346,-0.949,,
10/29/2015,11:28:51,0,site_051915_124203,0,5.6,0,8.64,-93.9,110.5,110.5,0.35,1.4,0.25,0.69,23.721,5,5.1,0,5.1,3,89.4,7.56,-1.347,-0.949,,
10/29/2015,11:28:53,0,site_051915_124203,0,5.6,0,8.64,-93.8,112.8,112.8,0.34,1.36,0.24,0.68,23.723,5,5.1,0,5.1,3,89.4,7.56,-1.347,-0.949,,
10/29/2015,11:28:55,0,site_051915_124203,0,5.6,0,8.65,-93.9,119.7,119.7,0.33,1.3,0.24,0.68,23.724,5,5.1,0,5.1,3,89.4,7.56,-1.347,-0.949,,
10/29/2015,11:28:57,0,site_051915_124203,0,5.6,0,8.64,-93.8,117.4,117.4,0.33,1.32,0.22,0.62,23.724,5,5.1,0,5.1,3,89.3,7.56,-1.347,-0.949,,
10/29/2015,11:28:59,0,site_051915_124203,0,5.6,0,8.64,-93.6,116.4,116.4,0.33,1.33,0.22,0.62,23.723,5,5.1,0,5.1,3,89.3,7.56,-1.347,-0.949,,
10/29/2015,11:29:01,0,site_051915_124203,0,5.6,0,8.64,-93.7,115.3,115.3,0.35,1.39,0.21,0.58,23.722,5,5.1,0,5.1,3,89.3,7.56,-1.347,-0.949,,
10/29/2015,11:29:03,0,site_051915_124203,0,5.6,0,8.64,-93.6,114.8,114.8,0.36,1.44,0.21,0.58,23.719,5,5.1,0,5.1,3,89.3,7.56,-1.347,-0.949,,
10/29/2015,11:29:05,0,site_051915_124203,0,5.6,0,8.64,-93.6,115,115,0.37,1.49,0.21,0.6,23.716,5,5.1,0,5.1,3,89.3,7.55,-1.347,-0.949,,
10/29/2015,11:29:07,0,site_051915_124203,0,5.6,0,8.64,-93.7,114.7,114.7,0.37,1.5,0.21,0.57,23.713,5,5.1,0,5.1,3,89.3,7.55,-1.347,-0.949,,
10/29/2015,11:29:09,0,site_051915_124203,0,5.6,0,8.64,-93.7,114.5,114.5,0.37,1.49,0.2,0.55,23.711,5,5.1,0,5.1,3,89.3,7.56,-1.347,-0.949,,
10/29/2015,11:29:11,0,site_051915_124203,0,5.6,0,8.64,-93.6,114.6,114.6,0.38,1.5,0.2,0.56,23.709,5,5.1,0,5.1,3,89.3,7.56,-1.347,-0.949,,
10/29/2015,11:29:13,0,site_051915_124203,0,5.6,0,8.64,-93.5,120.5,120.5,0.38,1.54,0.2,0.56,23.706,5,5.1,0,5.1,3,89.2,7.55,-1.347,-0.949,,
10/29/2015,11:29:15,0,site_051915_124203,0,5.6,0,8.64,-93.5,117.7,117.7,0.38,1.52,0.21,0.59,23.705,4.9,5.1,0,5.1,3,89.2,7.55,-1.347,-0.949,,
10/29/2015,11:29:17,0,site_051915_124203,0,5.6,0,8.63,-93.3,119.5,119.5,0.37,1.5,0.21,0.6,23.704,4.9,5.1,0,5.1,3,89.2,7.55,-1.347,-0.949,,
10/29/2015,11:29:19,0,site_051915_124203,0,5.6,0,8.64,-93.4,119.4,119.4,0.38,1.51,0.23,0.64,23.703,4.9,5.1,0,5.1,3,89.2,7.55,-1.347,-0.949,,
10/29/2015,11:29:21,0,site_051915_124203,0,5.6,0,8.64,-93.5,118.4,118.4,0.37,1.48,0.23,0.65,23.702,4.9,5,0,5.1,3,89.2,7.56,-1.347,-0.949,,
10/29/2015,11:29:23,0,site_051915_124203,0,5.6,0,8.64,-93.5,118,118,0.37,1.48,0.25,0.7,23.701,4.9,5,0,5.1,3,89.3,7.56,-1.347,-0.949,,
10/29/2015,11:29:25,0,site_051915_124203,0,5.6,0,8.64,-93.6,126.6,126.6,0.37,1.49,0.25,0.71,23.702,4.9,5.1,0,5.1,3,89.3,7.56,-1.347,-0.949,,
10/29/2015,11:29:27,0,site_051915_124203,0,5.6,0,8.64,-93.6,133,133,0.38,1.53,0.25,0.69,23.703,4.9,5.1,0,5.1,3,89.3,7.56,-1.347,-0.949,,
10/29/2015,11:29:29,0,site_051915_124203,0,5.6,0,8.64,-93.4,135.2,135.2,0.39,1.54,0.25,0.7,23.704,4.9,5.1,0,5.1,3,89.3,7.56,-1.347,-0.949,,
10/29/2015,11:29:31,0,site_051915_124203,0,5.6,0,8.64,-93.3,136.5,136.5,0.38,1.5,0.25,0.7,23.705,4.9,5.1,0,5.1,3,89.3,7.56,-1.347,-0.949,,
10/29/2015,11:29:33,0,site_051915_124203,0,5.6,0,8.64,-93.4,137.6,137.6,0.37,1.49,0.25,0.69,23.706,4.9,5.1,0,5.1,3,89.3,7.56,-1.347,-0.949,,
10/29/2015,11:29:35,0,site_051915_124203,0,5.6,0,8.64,-93.4,145.1,145.1,0.36,1.44,0.25,0.69,23.707,4.9,5,0,5.1,3,89.3,7.56,-1.347,-0.949,,
10/29/2015,11:29:37,0,site_051915_124203,0,5.6,0,8.64,-93.6,148.2,148.2,0.35,1.4,0.24,0.66,23.71,4.9,5,0,5.1,3,89.3,7.56,-1.347,-0.949,,
10/29/2015,11:29:39,0,site_051915_124203,0,5.6,0,8.58,-90,157.8,157.8,0.34,1.36,0.24,0.68,23.713,4.9,5,0,5.1,3,89.3,7.56,-1.347,-0.949,,
10/29/2015,11:29:41,0,site_051915_124203,0,5.6,0,8.63,-92.9,156.6,156.6,0.34,1.37,0.23,0.64,23.715,4.9,5,0,5,3,89.3,7.56,-1.347,-0.949,,
10/29/2015,11:29:43,0,site_051915_124203,0,5.6,0,8.6,-91.5,158,158,0.34,1.37,0.23,0.63,23.717,4.9,5,0,5,3,89.3,7.56,-1.347,-0.949,,
10/29/2015,11:29:45,0,site_051915_124203,0,5.6,0,8.6,-91.1,160.2,160.2,0.35,1.41,0.23,0.64,23.719,4.9,5,0,5,3,89.3,7.56,-1.347,-0.949,,
10/29/2015,11:29:47,0,site_051915_124203,0,5.6,0,8.59,-90.9,161.4,161.4,0.36,1.43,0.23,0.65,23.719,4.9,5,0,5,3,89.3,7.55,-1.347,-0.949,,
10/29/2015,11:29:49,0,site_051915_124203,0,5.6,0,8.6,-91.2,154.3,154.3,0.37,1.48,0.22,0.62,23.718,4.9,5,0,5,3,89.2,7.55,-1.347,-0.949,,
10/29/2015,11:29:51,0,site_051915_124203,0,5.6,0,8.61,-91.6,157.1,157.1,0.37,1.46,0.22,0.61,23.715,4.9,5,0,5,3,89.2,7.55,-1.347,-0.949,,
10/29/2015,11:29:53,0,site_051915_124203,0,5.6,0,8.61,-92,155,155,0.37,1.48,0.22,0.62,23.711,4.9,5,0,5,3,89.2,7.55,-1.346,-0.949,,
10/29/2015,11:29:55,0,site_051915_124203,0,5.6,0,8.62,-92.3,154,154,0.38,1.51,0.21,0.58,23.708,4.9,5,0,5,3,89.2,7.55,-1.346,-0.949,,
10/29/2015,11:29:57,0,site_051915_124203,0,5.6,0,8.62,-92.3,154.1,154.1,0.37,1.49,0.22,0.61,23.705,4.9,5,0,5,3,89.2,7.55,-1.346,-0.949,,
10/29/2015,11:29:59,0,site_051915_124203,0,5.6,0,8.62,-92.4,153.7,153.7,0.37,1.48,0.21,0.58,23.702,4.9,5,0,5,3,89.2,7.55,-1.346,-0.949,,
10/29/2015,11:30:01,0,site_051915_124203,0,5.6,0,8.62,-92.3,158.4,158.4,0.38,1.51,0.21,0.58,23.699,4.9,5,0,5,3,89.2,7.55,-1.346,-0.949,,
10/29/2015,11:30:03,0,site_051915_124203,0,5.5,0,8.61,-92.1,158.6,158.6,0.38,1.5,0.22,0.61,23.694,4.8,5,0,5,3,89.2,7.55,-1.346,-0.949,,
10/29/2015,11:30:05,0,site_051915_124203,0,5.5,0,8.48,-84.2,167,167,0.37,1.48,0.21,0.58,23.688,4.8,5,0,5,3,89.2,7.55,-1.346,-0.949,,
10/29/2015,11:30:07,0,site_051915_124203,0,5.5,0,8.49,-85,179.7,179.7,0.37,1.48,0.21,0.6,23.678,4.9,5,0,5,3,89.1,7.54,-1.346,-0.949,,
10/29/2015,11:30:09,0,site_051915_124203,0,5.5,0,8.49,-84.8,186.9,186.9,0.38,1.51,0.21,0.59,23.666,4.9,5.1,0,5.1,3,89,7.53,-1.346,-0.949,,
10/29/2015,11:30:11,0,site_051915_124203,0,5.5,0,8.49,-84.8,172.1,172.1,0.38,1.51,0.21,0.6,23.646,5,5.1,0,5.1,3,88.8,7.53,-1.346,-0.949,,
10/29/2015,11:30:13,0,site_051915_124203,0,5.4,0,8.53,-87.3,170.5,170.5,0.38,1.52,0.22,0.6,23.624,5,5.1,0,5.2,3,88.7,7.52,-1.346,-0.949,,
10/29/2015,11:30:15,0,site_051915_124203,0,5.4,0,9.34,-135.9,106.7,106.7,0.31,1.23,0.06,0.18,26.738,684,662.1,0.32,659.8,430,92.3,7.39,1.709,1.205,,
10/29/2015,11:30:17,0,site_051915_124203,0,5.4,0,9.36,-136.8,106.2,106.2,0.18,0.73,-0.2,-0.55,26.743,699.3,676.8,0.33,674.4,440,91.7,7.33,5.158,3.638,,
10/29/2015,11:30:19,0,site_051915_124203,0,5.4,0,9.36,-137.2,105.7,105.7,0.05,0.21,-0.46,-1.28,26.746,699.2,676.6,0.33,674.2,440,91.2,7.28,9.41,6.637,,
10/29/2015,11:30:21,0,site_051915_124203,0,5.4,0,9.37,-137.5,105.4,105.4,-0.09,-0.34,-0.71,-2,26.75,699.1,676.5,0.33,674.1,440,90.8,7.26,12.349,8.71,,
10/29/2015,11:30:23,0,site_051915_124203,0,5.6,0,9.37,-137.7,105.1,105.1,-0.21,-0.83,-0.98,-2.75,26.753,699.1,676.5,0.33,674.1,440,90.6,7.23,16.821,11.864,,
10/29/2015,11:30:25,0,site_051915_124203,0,5.6,0,9.38,-137.9,104.8,104.8,-0.26,-1.04,-1.23,-3.45,26.753,699,676.4,0.33,674,440,90.3,7.22,18.108,12.772,,
10/29/2015,11:30:27,0,site_051915_124203,0,5.6,0,9.38,-138.1,104.6,104.6,-0.26,-1.05,-1.49,-4.19,26.754,699,676.4,0.33,674,440,90.2,7.21,17.797,12.552,,
10/29/2015,11:30:29,0,site_051915_124203,0,5.6,0,9.38,-138.2,104.3,104.3,-0.27,-1.07,-1.75,-4.89,26.753,699,676.4,0.33,674,440,90.1,7.2,17.845,12.587,,
10/29/2015,11:30:31,0,site_051915_124203,0,5.6,0,9.38,-138.3,104.1,104.1,-0.27,-1.09,-1.99,-5.58,26.755,699,676.3,0.33,673.9,440,89.8,7.18,17.888,12.617,,
10/29/2015,11:30:33,0,site_051915_124203,0,5.5,0,9.39,-138.4,103.8,103.8,-0.28,-1.12,-2.06,-5.76,26.756,699,676.3,0.33,673.9,440,89.6,7.16,22.352,15.765,,
10/29/2015,11:30:35,0,site_051915_124203,0,5.5,0,9.39,-138.5,103.6,103.6,-0.28,-1.14,-2.06,-5.76,26.757,699,676.3,0.33,673.9,440,89.4,7.14,24.135,17.023,,
10/29/2015,11:30:37,0,site_051915_124203,0,5.5,0,9.39,-138.6,103.1,103.1,-0.27,-1.1,-2.06,-5.78,26.758,699.1,676.4,0.33,674,440,89.2,7.13,28.528,20.121,,
10/29/2015,11:30:39,0,site_051915_124203,0,5.5,0,9.39,-138.7,102.6,102.6,-0.28,-1.12,-2.06,-5.77,26.759,699.2,676.4,0.33,674,440,89.1,7.12,31.385,22.136,,
10/29/2015,11:30:41,0,site_051915_124203,0,5.5,0,9.39,-138.8,102.2,102.2,-0.27,-1.1,-2.06,-5.77,26.759,699.2,676.5,0.33,674.1,440,88.9,7.1,36.009,25.397,,
10/29/2015,11:30:43,0,site_051915_124203,0,5.6,0,9.39,-139,101.7,101.7,-0.29,-1.17,-2.08,-5.81,26.76,699.3,676.6,0.33,674.1,440,88.7,7.09,38.675,27.277,,
10/29/2015,11:30:45,0,site_051915_124203,0,5.6,0,9.4,-139,101.3,101.3,-0.3,-1.19,-2.08,-5.83,26.756,699.3,676.6,0.33,674.2,440,88.5,7.07,43.642,30.78,,
10/29/2015,11:30:47,0,site_051915_124203,0,5.6,0,9.4,-139.1,100.9,100.9,-0.31,-1.23,-2.08,-5.83,26.738,699.1,676.6,0.33,674.2,440,88.2,7.05,47.297,33.358,,
10/29/2015,11:30:49,0,site_051915_124203,0,5.6,0,9.4,-139.1,100.6,100.6,-0.31,-1.22,-2.09,-5.84,26.7,698.7,676.8,0.33,674.4,440,87.8,7.02,51.278,36.165,,
10/29/2015,11:30:51,0,site_051915_124203,0,5.6,0,9.4,-139.1,100.2,100.2,-0.3,-1.19,-2.09,-5.86,26.646,698.2,676.8,0.33,674.6,440,87.2,6.98,55.2,38.93,,
10/29/2015,11:30:53,0,site_051915_124203,0,5.6,0,9.4,-139.1,99.9,99.9,-0.29,-1.18,-2.09,-5.84,26.579,697.4,677,0.33,674.8,440,82.6,6.62,58.873,41.52,,
10/29/2015,11:30:55,0,site_051915_124203,0,5.6,0,9.4,-139,99.7,99.7,-0.29,-1.17,-2.09,-5.85,26.476,696.3,677.2,0.33,675.2,440,81.2,6.52,62.097,43.792,,
10/29/2015,11:30:57,0,site_051915_124203,0,5.6,0,9.4,-138.9,99.4,99.4,-0.29,-1.15,-2.09,-5.84,26.36,695.3,677.7,0.33,675.8,440,79.7,6.41,65.022,45.853,,
10/29/2015,11:30:59,0,site_051915_124203,0,5.6,0,9.4,-138.8,99.2,99.2,-0.29,-1.15,-2.1,-5.87,26.242,694.1,678,0.33,676.4,441,75,6.04,68.425,48.251,,
10/29/2015,11:31:01,0,site_051915_124203,0,5.6,0,9.39,-138.6,99,99,-0.29,-1.18,-2.1,-5.88,26.097,692.8,678.5,0.33,677,441,71.4,5.76,71.697,50.557,,
10/29/2015,11:31:03,0,site_051915_124203,0,5.6,0,9.39,-138.4,98.9,98.9,-0.32,-1.27,-2.11,-5.89,25.927,691.3,679.3,0.33,678,442,68.1,5.52,75.607,53.311,,
10/29/2015,11:31:05,0,site_051915_124203,0,5.6,0,9.39,-138,98.9,98.9,-0.31,-1.26,-2.11,-5.92,25.729,689.9,680.5,0.33,679.5,442,56.9,4.63,78.719,55.502,,
10/29/2015,11:31:07,0,site_051915_124203,0,5.6,0,9.38,-137.6,98.9,98.9,-0.32,-1.28,-2.11,-5.91,25.535,688.7,681.5,0.33,680.8,443,51.4,4.19,82.377,58.078,,
10/29/2015,11:31:09,0,site_051915_124203,0,5.6,0,9.37,-137.1,98.9,98.9,-0.34,-1.37,-2.12,-5.93,25.364,687.5,682.6,0.33,682.1,444,43.8,3.58,85.216,60.076,,
10/29/2015,11:31:11,0,site_051915_124203,0,5.6,0,9.37,-136.6,98.9,98.9,-0.35,-1.39,-2.13,-5.95,25.188,686.3,683.7,0.33,683.4,444,38.7,3.17,88.905,62.673,,
10/29/2015,11:31:13,0,site_051915_124203,0,5.6,0,9.36,-136,99,99,-0.35,-1.4,-2.13,-5.96,25.04,685.4,684.8,0.33,684.8,445,36.4,3,91.875,64.764,,
10/29/2015,11:31:15,0,site_051915_124203,0,5.6,0,9.35,-135.4,99.1,99.1,-0.34,-1.38,-2.13,-5.96,24.934,685,685.8,0.33,685.8,446,31.3,2.58,94.767,66.801,,
10/29/2015,11:31:17,0,site_051915_124203,0,5.6,0,9.34,-134.7,99.2,99.2,-0.34,-1.38,-2.14,-5.98,24.866,684.6,686.3,0.33,686.5,446,27.7,2.29,95.664,67.431,,
10/29/2015,11:31:19,0,site_051915_124203,0,5.6,0,9.33,-134.1,99.3,99.3,-0.34,-1.36,-2.13,-5.96,24.821,684.3,686.6,0.33,686.9,446,25.5,2.11,99.626,70.223,,
10/29/2015,11:31:21,0,site_051915_124203,0,5.6,0,9.31,-133.3,99.4,99.4,-0.33,-1.32,-2.12,-5.95,24.779,684.1,687,0.33,687.3,447,24.3,2.01,102.545,72.28,,
10/29/2015,11:31:23,0,site_051915_124203,0,5.6,0,9.3,-132.7,99.5,99.5,-0.33,-1.31,-2.12,-5.93,24.745,683.9,687.2,0.33,687.6,447,23.5,1.94,105.989,74.706,,
10/29/2015,11:31:25,0,site_051915_124203,0,5.6,0,9.29,-132,99.6,99.6,-0.34,-1.34,-2.12,-5.93,24.717,683.7,687.4,0.33,687.7,447,22.9,1.9,107.995,76.119,,
10/29/2015,11:31:27,0,site_051915_124203,0,5.6,0,9.28,-131.5,99.6,99.6,-0.34,-1.37,-2.12,-5.93,24.691,683.4,687.5,0.33,687.9,447,22.7,1.88,107.886,76.042,,
10/29/2015,11:31:29,0,site_051915_124203,0,5.6,0,9.27,-131,99.5,99.5,-0.35,-1.39,-2.12,-5.94,24.668,683.2,687.6,0.33,688,447,22.5,1.87,110.163,77.646,,
10/29/2015,11:31:31,0,site_051915_124203,0,5.6,0,9.27,-130.5,99.5,99.5,-0.34,-1.37,-2.13,-5.97,24.645,683,687.7,0.33,688.2,447,22.4,1.86,112.191,79.074,,
10/29/2015,11:31:33,0,site_051915_124203,0,5.6,0,9.26,-130.1,99.5,99.5,-0.36,-1.43,-2.13,-5.97,24.625,682.8,687.7,0.33,688.3,447,21.8,1.81,113.205,79.788,,
10/29/2015,11:31:35,0,site_051915_124203,0,5.6,0,9.25,-129.8,99.4,99.4,-0.36,-1.45,-2.13,-5.96,24.608,682.7,687.8,0.33,688.3,447,21.5,1.78,116.928,82.411,,
10/29/2015,11:31:37,0,site_051915_124203,0,5.6,0,9.25,-129.4,99.4,99.4,-0.36,-1.46,-2.13,-5.98,24.593,682.5,687.9,0.33,688.4,447,21.1,1.76,119.316,84.094,,
10/29/2015,11:31:39,0,site_051915_124203,0,5.6,0,9.24,-129.1,99.3,99.3,-0.37,-1.46,-2.13,-5.97,24.578,682.5,688.1,0.33,688.6,447,17.1,1.42,122.73,86.499,,
10/29/2015,11:31:41,0,site_051915_124203,0,5.6,0,9.24,-128.8,99.3,99.3,-0.37,-1.47,-2.13,-5.98,24.562,682.5,688.2,0.33,688.8,447,15.2,1.27,125.725,88.61,,
10/29/2015,11:31:43,0,site_051915_124203,0,5.6,0,9.23,-128.5,99.2,99.2,-0.37,-1.49,-2.13,-5.96,24.546,682.4,688.4,0.33,689,447,14.4,1.2,128.852,90.813,,
10/29/2015,11:31:45,0,site_051915_124203,0,5.6,0,9.23,-128.1,99.2,99.2,-0.37,-1.48,-2.13,-5.96,24.529,682.4,688.6,0.33,689.2,448,13.4,1.12,132.224,93.188,,
10/29/2015,11:31:47,0,site_051915_124203,0,5.6,0,9.22,-127.9,99.1,99.1,-0.38,-1.51,-2.13,-5.95,24.512,682.4,688.8,0.33,689.4,448,12.6,1.05,133.641,94.186,,
10/29/2015,11:31:49,0,site_051915_124203,0,5.6,0,9.22,-127.6,99.1,99.1,-0.38,-1.52,-2.12,-5.93,24.496,682.4,689,0.33,689.7,448,11.9,0.99,138.087,97.318,,
10/29/2015,11:31:51,0,site_051915_124203,0,5.6,0,9.21,-127.3,99,99,-0.39,-1.55,-2.11,-5.92,24.481,682.3,689.1,0.33,689.8,448,11.2,0.94,140.056,98.706,,
10/29/2015,11:31:53,0,site_051915_124203,0,5.6,0,9.21,-127,99,99,-0.39,-1.56,-2.11,-5.91,24.469,682.3,689.3,0.33,690,448,10.7,0.89,143.735,101.297,,
10/29/2015,11:31:55,0,site_051915_124203,0,5.6,0,9.2,-126.7,98.9,98.9,-0.39,-1.57,-2.11,-5.91,24.46,682.3,689.4,0.33,690.1,448,10.2,0.85,146.376,103.158,,
10/29/2015,11:31:57,0,site_051915_124203,0,5.6,0,9.2,-126.4,98.9,98.9,-0.38,-1.54,-2.11,-5.91,24.453,682.2,689.4,0.33,690.2,448,9.2,0.77,147.48,103.935,,
10/29/2015,11:31:59,0,site_051915_124203,0,5.6,0,9.19,-126.1,98.9,98.9,-0.38,-1.53,-2.12,-5.93,24.449,682.2,689.5,0.33,690.2,448,8.5,0.7,151.767,106.956,,
10/29/2015,11:32:01,0,site_051915_124203,0,5.6,0,9.19,-125.9,98.8,98.8,-0.37,-1.47,-2.12,-5.94,24.445,682.1,689.5,0.33,690.2,448,7.8,0.65,153.565,108.223,,
10/29/2015,11:32:03,0,site_051915_124203,0,5.6,0,9.18,-125.6,98.8,98.8,-0.36,-1.42,-2.12,-5.95,24.441,682.1,689.5,0.33,690.2,448,7.3,0.61,152.664,107.588,,
10/29/2015,11:32:05,0,site_051915_124203,0,5.6,0,9.18,-125.4,98.7,98.7,-0.35,-1.39,-2.13,-5.96,24.439,682.1,689.5,0.33,690.3,448,6.9,0.58,151.854,107.017,,
10/29/2015,11:32:07,0,site_051915_124203,0,5.6,0,9.18,-125.2,98.6,98.6,-0.36,-1.42,-2.13,-5.96,24.437,682.1,689.5,0.33,690.3,448,6.6,0.55,148.636,104.75,,
10/29/2015,11:32:09,0,site_051915_124203,0,5.6,0,9.17,-125,98.6,98.6,-0.35,-1.42,-2.13,-5.96,24.436,682.1,689.5,0.33,690.3,448,6.3,0.53,147.357,103.849,,
10/29/2015,11:32:11,0,site_051915_124203,0,5.6,0,9.17,-124.8,98.5,98.5,-0.37,-1.47,-2.13,-5.95,24.436,682.1,689.5,0.33,690.3,448,6.1,0.51,146.414,103.184,,
10/29/2015,11:32:13,0,site_051915_124203,0,5.6,0,9.17,-124.6,98.5,98.5,-0.37,-1.47,-2.12,-5.95,24.437,682.1,689.5,0.33,690.3,448,5.9,0.49,145.7,102.681,,
10/29/2015,11:32:15,0,site_051915_124203,0,5.6,0,9.17,-124.5,98.4,98.4,-0.37,-1.47,-2.12,-5.95,24.439,682.1,689.5,0.33,690.3,448,5.8,0.48,145.21,102.336,,
10/29/2015,11:32:17,0,site_051915_124203,0,5.6,0,9.16,-124.4,98.3,98.3,-0.37,-1.49,-2.12,-5.94,24.44,682.1,689.5,0.33,690.3,448,5.7,0.47,144.983,102.176,,
10/29/2015,11:32:19,0,site_051915_124203,0,5.6,0,9.16,-124.3,98.2,98.2,-0.37,-1.49,-2.12,-5.93,24.442,682.1,689.5,0.33,690.2,448,5.6,0.47,145.058,102.229,,
10/29/2015,11:32:21,0,site_051915_124203,0,5.6,0,9.16,-124.1,98.1,98.1,-0.37,-1.48,-2.12,-5.94,24.442,682.1,689.5,0.33,690.2,448,5.5,0.46,149.506,105.363,,
10/29/2015,11:32:23,0,site_051915_124203,0,5.6,0,9.16,-124,98,98,-0.37,-1.47,-2.12,-5.92,24.442,682.2,689.5,0.33,690.3,448,5.5,0.46,151.275,106.61,,
10/29/2015,11:32:25,0,site_051915_124203,0,5.6,0,9.16,-123.9,97.9,97.9,-0.37,-1.49,-2.11,-5.91,24.441,682.2,689.6,0.33,690.4,448,5.4,0.45,154.926,109.181,,
10/29/2015,11:32:27,0,site_051915_124203,0,5.6,0,9.15,-123.8,97.8,97.8,-0.37,-1.49,-2.1,-5.88,24.439,682.2,689.6,0.33,690.3,448,5.3,0.44,157.388,110.916,,
10/29/2015,11:32:29,0,site_051915_124203,0,5.6,0,9.15,-123.8,97.8,97.8,-0.37,-1.46,-2.11,-5.92,24.435,682.2,689.6,0.33,690.4,448,5.2,0.43,158.872,111.961,,
10/29/2015,11:32:31,0,site_051915_124203,0,5.6,0,9.15,-123.7,97.7,97.7,-0.36,-1.44,-2.11,-5.91,24.43,682.2,689.7,0.33,690.5,448,5.1,0.42,162.509,114.524,,
10/29/2015,11:32:33,0,site_051915_124203,0,5.6,0,9.15,-123.6,97.6,97.6,-0.36,-1.46,-2.12,-5.92,24.425,682.2,689.8,0.33,690.5,448,5,0.41,164.677,116.051,,
10/29/2015,11:32:35,0,site_051915_124203,0,5.6,0,9.15,-123.5,97.5,97.5,-0.36,-1.46,-2.12,-5.93,24.419,682.2,689.8,0.33,690.6,448,4.8,0.4,165.714,116.782,,
10/29/2015,11:32:37,0,site_051915_124203,0,5.6,0,9.15,-123.4,97.5,97.5,-0.36,-1.43,-2.12,-5.92,24.413,682.1,689.9,0.33,690.7,448,4.7,0.39,165.692,116.766,,
10/29/2015,11:32:39,0,site_051915_124203,0,5.6,0,9.14,-123.3,97.4,97.4,-0.36,-1.43,-2.11,-5.91,24.407,682.1,689.9,0.33,690.7,448,4.5,0.38,165.582,116.688,,
10/29/2015,11:32:41,0,site_051915_124203,0,5.6,0,9.14,-123.2,97.3,97.3,-0.37,-1.48,-2.12,-5.93,24.402,682,689.9,0.33,690.7,448,4.4,0.36,163.429,115.171,,
10/29/2015,11:32:43,0,site_051915_124203,0,5.6,0,9.14,-123.1,97.2,97.2,-0.38,-1.51,-2.12,-5.93,24.399,682,689.9,0.33,690.8,448,4.2,0.35,162.903,114.801,,
10/29/2015,11:32:45,0,site_051915_124203,0,5.6,0,9.14,-123,97.2,97.2,-0.36,-1.45,-2.12,-5.93,24.397,682,690,0.33,690.8,448,4.1,0.34,162.785,114.717,,
10/29/2015,11:32:47,0,site_051915_124203,0,5.6,0,9.14,-122.9,97.1,97.1,-0.37,-1.46,-2.12,-5.92,24.397,682,690,0.33,690.8,448,4,0.33,162.611,114.595,,
10/29/2015,11:32:49,0,site_051915_124203,0,5.6,0,9.14,-122.8,97,97,-0.37,-1.49,-2.11,-5.92,24.398,682,689.9,0.33,690.7,448,3.9,0.33,162.325,114.393,,
10/29/2015,11:32:51,0,site_051915_124203,0,5.6,0,9.14,-122.8,96.9,96.9,-0.36,-1.46,-2.11,-5.92,24.399,682,689.9,0.33,690.7,448,3.9,0.32,162.117,114.247,,
10/29/2015,11:32:53,0,site_051915_124203,0,5.6,0,9.14,-122.7,96.9,96.9,-0.35,-1.4,-2.11,-5.91,24.401,682,689.9,0.33,690.7,448,3.8,0.32,159.921,112.7,,
10/29/2015,11:32:55,0,site_051915_124203,0,5.6,0,9.13,-122.6,96.8,96.8,-0.36,-1.46,-2.11,-5.9,24.403,682,689.8,0.33,690.6,448,3.8,0.32,158.093,111.412,,
10/29/2015,11:32:57,0,site_051915_124203,0,5.6,0,9.13,-122.6,96.7,96.7,-0.36,-1.45,-2.11,-5.91,24.406,682,689.8,0.33,690.6,448,3.8,0.32,157.229,110.803,,
10/29/2015,11:32:59,0,site_051915_124203,0,5.6,0,9.13,-122.5,96.6,96.6,-0.36,-1.46,-2.12,-5.92,24.41,682,689.8,0.33,690.6,448,3.8,0.32,155.979,109.923,,
10/29/2015,11:33:01,0,site_051915_124203,0,5.6,0,9.13,-122.5,96.5,96.5,-0.36,-1.45,-2.11,-5.92,24.414,682,689.7,0.33,690.5,448,3.9,0.32,152.963,107.798,,
10/29/2015,11:33:03,0,site_051915_124203,0,5.6,0,9.13,-122.4,96.4,96.4,-0.38,-1.51,-2.13,-5.96,24.419,682,689.6,0.33,690.4,448,3.9,0.32,151.027,106.434,,
10/29/2015,11:33:05,0,site_051915_124203,0,5.6,0,9.13,-122.4,96.3,96.3,-0.37,-1.48,-2.13,-5.96,24.423,682,689.6,0.33,690.4,448,3.9,0.33,150.371,105.972,,
10/29/2015,11:33:07,0,site_051915_124203,0,5.6,0,9.13,-122.3,96.2,96.2,-0.37,-1.49,-2.13,-5.97,24.427,682,689.6,0.33,690.4,448,3.9,0.33,149.403,105.29,,
10/29/2015,11:33:09,0,site_051915_124203,0,5.6,0,9.13,-122.3,96.1,96.1,-0.37,-1.5,-2.13,-5.95,24.431,682,689.5,0.33,690.3,448,4,0.33,148.768,104.842,,
10/29/2015,11:33:11,0,site_051915_124203,0,5.6,0,9.13,-122.3,96,96,-0.37,-1.47,-2.12,-5.93,24.434,682,689.5,0.33,690.2,448,4,0.33,145.222,102.344,,
10/29/2015,11:33:13,0,site_051915_124203,0,5.6,0,9.13,-122.2,95.9,95.9,-0.37,-1.47,-2.12,-5.93,24.436,682,689.4,0.33,690.2,448,4,0.34,144.216,101.636,,
10/29/2015,11:33:15,0,site_051915_124203,0,5.6,0,9.13,-122.2,95.8,95.8,-0.36,-1.44,-2.12,-5.94,24.438,682,689.4,0.33,690.2,448,4.1,0.34,143.123,100.865,,
10/29/2015,11:33:17,0,site_051915_124203,0,5.6,0,9.13,-122.2,95.7,95.7,-0.36,-1.44,-2.12,-5.93,24.441,682,689.4,0.33,690.2,448,4.1,0.34,140.045,98.696,,
10/29/2015,11:33:19,0,site_051915_124203,0,5.6,0,9.13,-122.2,95.6,95.6,-0.36,-1.43,-2.11,-5.9,24.443,682.1,689.4,0.33,690.2,448,4.2,0.35,139.15,98.066,,
10/29/2015,11:33:21,0,site_051915_124203,0,5.6,0,9.13,-122.1,95.5,95.5,-0.36,-1.43,-2.11,-5.9,24.445,682.1,689.4,0.33,690.1,448,4.2,0.35,138.613,97.688,,
10/29/2015,11:33:23,0,site_051915_124203,0,5.6,0,9.12,-122.1,95.4,95.4,-0.36,-1.43,-2.09,-5.86,24.447,682.1,689.4,0.33,690.1,448,4.3,0.36,137.747,97.078,,
10/29/2015,11:33:25,0,site_051915_124203,0,5.6,0,9.12,-122.1,95.3,95.3,-0.36,-1.42,-2.09,-5.84,24.449,682.1,689.3,0.33,690.1,448,4.3,0.36,134.368,94.697,,
10/29/2015,11:33:27,0,site_051915_124203,0,5.6,0,9.12,-122.1,95.2,95.2,-0.35,-1.42,-2.08,-5.82,24.451,682.1,689.4,0.33,690.1,448,4.4,0.36,133.449,94.049,,
10/29/2015,11:33:29,0,site_051915_124203,0,5.6,0,9.12,-122.1,95.1,95.1,-0.35,-1.39,-2.08,-5.84,24.453,682.1,689.3,0.33,690.1,448,4.4,0.37,132.229,93.19,,
10/29/2015,11:33:31,0,site_051915_124203,0,5.6,0,9.12,-122,95,95,-0.36,-1.43,-2.09,-5.85,24.454,682.1,689.3,0.33,690,448,4.4,0.37,129.844,91.51,,
10/29/2015,11:33:33,0,site_051915_124203,0,5.6,0,9.12,-122,94.9,94.9,-0.36,-1.44,-2.09,-5.87,24.457,682.2,689.3,0.33,690,448,4.5,0.37,128.385,90.481,,
10/29/2015,11:33:35,0,site_051915_124203,0,5.6,0,9.12,-122,94.8,94.8,-0.36,-1.43,-2.1,-5.87,24.46,682.2,689.3,0.33,690,448,4.5,0.38,127.797,90.067,,
10/29/2015,11:33:37,0,site_051915_124203,0,5.6,0,9.12,-122,94.7,94.7,-0.37,-1.46,-2.11,-5.9,24.464,682.2,689.3,0.33,690,448,4.6,0.39,125.341,88.337,,
10/29/2015,11:33:39,0,site_051915_124203,0,5.6,0,9.12,-122,94.6,94.6,-0.37,-1.48,-2.11,-5.91,24.469,682.3,689.3,0.33,690,448,4.8,0.4,123.698,87.179,,
10/29/2015,11:33:41,0,site_051915_124203,0,5.6,0,9.12,-122,94.5,94.5,-0.37,-1.48,-2.12,-5.93,24.477,682.3,689.2,0.33,689.9,448,5,0.42,122.78,86.533,,
10/29/2015,11:33:43,0,site_051915_124203,0,5.6,0,9.12,-122,94.4,94.4,-0.37,-1.49,-2.11,-5.92,24.486,682.3,689.1,0.33,689.8,448,5.3,0.44,121.757,85.812,,
10/29/2015,11:33:45,0,site_051915_124203,0,5.6,0,9.12,-122.1,94.3,94.3,-0.37,-1.48,-2.13,-5.95,24.495,682.4,689,0.33,689.7,448,5.7,0.47,118.946,83.831,,
10/29/2015,11:33:47,0,site_051915_124203,0,5.6,0,9.12,-122.1,94.1,94.1,-0.37,-1.47,-2.13,-5.96,24.506,682.4,688.9,0.33,689.6,448,6.1,0.51,117.942,83.124,,
10/29/2015,11:33:49,0,site_051915_124203,0,5.6,0,9.12,-122.1,94,94,-0.36,-1.43,-2.13,-5.96,24.518,682.4,688.8,0.33,689.4,448,6.6,0.55,117.168,82.578,,
10/29/2015,11:33:51,0,site_051915_124203,0,5.6,0,9.13,-122.2,93.9,93.9,-0.36,-1.45,-2.12,-5.95,24.529,682.4,688.6,0.33,689.3,448,10.8,0.9,114.427,80.648,,
10/29/2015,11:33:53,0,site_051915_124203,0,5.6,0,9.13,-122.2,93.7,93.7,-0.36,-1.42,-2.12,-5.94,24.539,682.4,688.5,0.33,689.1,448,12.2,1.01,112.951,79.608,,
10/29/2015,11:33:55,0,site_051915_124203,0,5.6,0,9.13,-122.4,93.6,93.6,-0.34,-1.35,-2.12,-5.92,24.547,682.4,688.3,0.33,689,447,12.8,1.06,112.334,79.173,,
10/29/2015,11:33:57,0,site_051915_124203,0,5.6,0,9.13,-122.4,93.5,93.5,-0.35,-1.39,-2.11,-5.9,24.555,682.3,688.2,0.33,688.8,447,13.2,1.1,111.529,78.606,,
10/29/2015,11:33:59,0,site_051915_124203,0,5.6,0,9.13,-122.5,93.3,93.3,-0.35,-1.39,-2.1,-5.89,24.562,682.3,688.1,0.33,688.7,447,13.6,1.13,108.805,76.686,,
10/29/2015,11:34:01,0,site_051915_124203,0,5.6,0,9.13,-122.6,93.2,93.2,-0.35,-1.4,-2.1,-5.89,24.572,682.3,687.9,0.33,688.5,447,14,1.16,107.644,75.868,,
10/29/2015,11:34:03,0,site_051915_124203,0,5.6,0,9.13,-122.7,93.1,93.1,-0.36,-1.43,-2.1,-5.88,24.582,682.4,687.9,0.33,688.4,447,14.3,1.19,107.009,75.421,,
10/29/2015,11:34:05,0,site_051915_124203,0,5.6,0,9.14,-122.9,92.9,92.9,-0.36,-1.45,-2.1,-5.88,24.594,682.4,687.8,0.33,688.3,447,14.7,1.22,104.525,73.671,,
10/29/2015,11:34:07,0,site_051915_124203,0,5.6,0,9.14,-123,92.8,92.8,-0.37,-1.47,-2.09,-5.86,24.607,682.5,687.7,0.33,688.2,447,15.1,1.25,103.353,72.845,,
10/29/2015,11:34:09,0,site_051915_124203,0,5.6,0,9.14,-123.1,92.7,92.7,-0.36,-1.44,-2.1,-5.87,24.62,682.6,687.6,0.33,688.1,447,15.5,1.29,102.313,72.113,,
10/29/2015,11:34:11,0,site_051915_124203,0,5.6,0,9.14,-123.2,92.6,92.6,-0.36,-1.44,-2.1,-5.88,24.634,682.8,687.6,0.33,688.1,447,15.8,1.32,99.231,69.941,,
10/29/2015,11:34:13,0,site_051915_124203,0,5.6,0,9.14,-123.3,92.5,92.5,-0.36,-1.44,-2.09,-5.86,24.647,682.9,687.6,0.33,688.1,447,16,1.33,98.333,69.308,,
10/29/2015,11:34:15,0,site_051915_124203,0,5.6,0,9.14,-123.3,92.4,92.4,-0.36,-1.42,-2.1,-5.88,24.659,683.1,687.5,0.33,688,447,15.9,1.32,95.665,67.428,,
10/29/2015,11:34:17,0,site_051915_124203,0,5.6,0,9.14,-123.4,92.3,92.3,-0.35,-1.38,-2.11,-5.9,24.674,683.3,687.6,0.33,688,447,15.7,1.3,93.987,66.246,,
10/29/2015,11:34:19,0,site_051915_124203,0,5.6,0,9.15,-123.4,92.2,92.2,-0.34,-1.38,-2.11,-5.9,24.688,683.4,687.5,0.33,688,447,15.3,1.27,93.315,65.773,,
10/29/2015,11:34:21,0,site_051915_124203,0,5.6,0,9.15,-123.5,92.1,92.1,-0.34,-1.37,-2.11,-5.91,24.704,683.6,687.5,0.33,687.9,447,15,1.24,90.915,64.081,,
10/29/2015,11:34:23,0,site_051915_124203,0,5.6,0,9.15,-123.5,92,92,-0.34,-1.35,-2.11,-5.9,24.722,683.7,687.4,0.33,687.7,447,14.9,1.23,89.777,63.28,,
10/29/2015,11:34:25,0,site_051915_124203,0,5.6,0,9.15,-123.6,91.9,91.9,-0.34,-1.35,-2.12,-5.93,24.739,683.8,687.3,0.33,687.6,447,14.9,1.24,88.782,62.579,,
10/29/2015,11:34:27,0,site_051915_124203,0,5.6,0,9.15,-123.7,91.8,91.8,-0.33,-1.32,-2.12,-5.94,24.757,683.9,687.1,0.33,687.4,447,15.3,1.27,86.131,60.711,,
10/29/2015,11:34:29,0,site_051915_124203,0,5.6,0,9.15,-123.7,91.7,91.7,-0.32,-1.28,-2.12,-5.95,24.772,684,687,0.33,687.3,447,15.8,1.31,84.994,59.91,,
10/29/2015,11:34:31,0,site_051915_124203,0,5.6,0,9.15,-123.8,91.6,91.6,-0.32,-1.29,-2.12,-5.95,24.786,684,686.8,0.33,687.1,446,19.5,1.61,84.494,59.558,,
10/29/2015,11:34:33,0,site_051915_124203,0,5.6,0,9.15,-123.9,91.5,91.5,-0.32,-1.3,-2.12,-5.94,24.798,684,686.6,0.33,686.9,446,19.9,1.65,84.311,59.428,,
10/29/2015,11:34:35,0,site_051915_124203,0,5.6,0,9.15,-124,91.3,91.3,-0.32,-1.28,-2.12,-5.93,24.807,684,686.5,0.33,686.8,446,20.1,1.67,84.361,59.464,,
10/29/2015,11:34:37,0,site_051915_124203,0,5.6,0,9.16,-124.1,91.2,91.2,-0.32,-1.27,-2.12,-5.93,24.814,684,686.5,0.33,686.7,446,20.3,1.68,84.398,59.491,,
10/29/2015,11:34:39,0,site_051915_124203,0,5.6,0,9.16,-124.2,91.1,91.1,-0.32,-1.28,-2.12,-5.93,24.819,684,686.4,0.33,686.6,446,20.4,1.69,84.462,59.536,,
10/29/2015,11:34:41,0,site_051915_124203,0,5.6,0,9.16,-124.4,91,91,-0.33,-1.31,-2.12,-5.93,24.822,684,686.4,0.33,686.6,446,20.5,1.69,84.487,59.553,,
10/29/2015,11:34:43,0,site_051915_124203,0,5.6,0,9.16,-124.5,90.9,90.9,-0.33,-1.31,-2.12,-5.93,24.824,684,686.3,0.33,686.6,446,20.5,1.7,83.105,58.579,,
10/29/2015,11:34:45,0,site_051915_124203,0,5.6,0,9.16,-124.6,90.8,90.8,-0.32,-1.27,-2.11,-5.91,24.83,684.1,686.3,0.33,686.6,446,20.6,1.71,82.448,58.116,,
10/29/2015,11:34:47,0,site_051915_124203,0,5.6,0,9.17,-124.6,90.7,90.7,-0.31,-1.25,-2.1,-5.89,24.842,684.2,686.3,0.33,686.5,446,20.8,1.72,81.86,57.702,,
10/29/2015,11:34:49,0,site_051915_124203,0,5.6,0,9.17,-124.7,90.6,90.6,-0.31,-1.23,-2.1,-5.89,24.859,684.3,686.1,0.33,686.3,446,21.1,1.75,79.689,56.172,,
10/29/2015,11:34:51,0,site_051915_124203,0,5.6,0,9.17,-124.8,90.5,90.5,-0.31,-1.23,-2.1,-5.88,24.879,684.4,686,0.33,686.1,446,21.6,1.79,78.61,55.412,,
10/29/2015,11:34:53,0,site_051915_124203,0,5.6,0,9.17,-125,90.4,90.4,-0.32,-1.28,-2.1,-5.87,24.902,684.4,685.7,0.33,685.9,446,25.6,2.11,77.756,54.811,,
10/29/2015,11:34:55,0,site_051915_124203,0,5.6,0,9.17,-125.1,90.2,90.2,-0.32,-1.27,-2.1,-5.89,24.926,684.5,685.5,0.33,685.6,446,26.8,2.22,75.836,53.458,,
10/29/2015,11:34:57,0,site_051915_124203,0,5.6,0,9.17,-125.2,90.2,90.2,-0.32,-1.29,-2.1,-5.88,24.954,684.6,685.2,0.33,685.3,445,27.7,2.28,74.919,52.811,,
10/29/2015,11:34:59,0,site_051915_124203,0,5.6,0,9.18,-125.3,90,90,-0.33,-1.33,-2.11,-5.91,24.983,684.7,684.9,0.33,684.9,445,28.8,2.37,74.996,52.866,,
10/29/2015,11:35:01,0,site_051915_124203,0,5.6,0,9.18,-125.5,89.9,89.9,-0.33,-1.32,-2.1,-5.88,25.015,684.8,684.7,0.33,684.6,445,33.1,2.73,71.895,50.681,,
10/29/2015,11:35:03,0,site_051915_124203,0,5.6,0,9.18,-125.7,89.7,89.7,-0.32,-1.27,-2.11,-5.89,25.073,685.1,684.2,0.33,684.1,445,38.1,3.14,70.826,49.928,,
10/29/2015,11:35:05,0,site_051915_124203,0,5.6,0,9.19,-126.1,89.5,89.5,-0.31,-1.23,-2.1,-5.89,25.146,685.4,683.5,0.33,683.4,444,41.8,3.44,68.283,48.137,,
10/29/2015,11:35:07,0,site_051915_124203,0,5.6,0,9.19,-126.4,89.2,89.2,-0.29,-1.16,-2.1,-5.88,25.251,686,682.8,0.33,682.5,444,49.3,4.05,65.93,46.479,,
10/29/2015,11:35:09,0,site_051915_124203,0,5.6,0,9.2,-126.7,89,89,-0.28,-1.12,-2.09,-5.87,25.389,687,682,0.33,681.5,443,54.2,4.45,63.463,44.741,,
10/29/2015,11:35:11,0,site_051915_124203,0,5.6,0,9.2,-127.1,88.8,88.8,-0.26,-1.06,-2.1,-5.87,25.533,688.1,681.2,0.33,680.4,443,56.3,4.61,62.042,43.741,,
10/29/2015,11:35:13,0,site_051915_124203,0,5.6,0,9.21,-127.6,88.5,88.5,-0.25,-1.02,-2.09,-5.86,25.676,689.1,680.4,0.33,679.4,442,58.3,4.75,62.573,44.118,,
10/29/2015,11:35:15,0,site_051915_124203,0,5.6,0,9.22,-128.2,88.2,88.2,-0.26,-1.04,-2.08,-5.82,25.793,690,679.7,0.33,678.7,442,63.6,5.17,62.545,44.099,,
10/29/2015,11:35:17,0,site_051915_124203,0,5.6,0,9.23,-128.7,87.9,87.9,-0.26,-1.03,-2.08,-5.82,25.89,691,679.4,0.33,678.2,442,64.8,5.26,62.535,44.094,,
10/29/2015,11:35:19,0,site_051915_124203,0,5.6,0,9.23,-129.2,87.7,87.7,-0.26,-1.02,-2.07,-5.79,25.965,691.7,679.2,0.33,677.8,441,65.5,5.31,62.593,44.135,,
10/29/2015,11:35:21,0,site_051915_124203,0,5.6,0,9.24,-129.6,87.5,87.5,-0.26,-1.03,-2.07,-5.79,25.993,692,679.1,0.33,677.7,441,66.1,5.35,60.789,42.864,,
10/29/2015,11:35:23,0,site_051915_124203,0,5.6,0,9.25,-130,87.3,87.3,-0.26,-1.05,-2.07,-5.79,26.007,692.1,679,0.33,677.7,441,66.7,5.4,57.923,40.843,,
10/29/2015,11:35:25,0,site_051915_124203,0,5.6,0,9.26,-130.6,87,87,-0.27,-1.07,-2.07,-5.79,26.03,692.3,678.9,0.33,677.5,441,71.2,5.77,55.423,39.081,,
10/29/2015,11:35:27,0,site_051915_124203,0,5.6,0,9.27,-131.1,86.8,86.8,-0.27,-1.08,-2.06,-5.77,26.073,692.6,678.7,0.33,677.2,441,73.6,5.95,53.111,37.451,,
10/29/2015,11:35:29,0,site_051915_124203,0,5.6,0,9.27,-131.5,86.6,86.6,-0.28,-1.13,-2.06,-5.77,26.128,693,678.4,0.33,676.9,441,74.3,6.01,51.985,36.657,,
10/29/2015,11:35:31,0,site_051915_124203,0,5.6,0,9.28,-131.7,86.5,86.5,-0.28,-1.14,-2.07,-5.78,26.19,693.5,678.1,0.33,676.5,441,75.3,6.08,50.09,35.322,,
10/29/2015,11:35:33,0,site_051915_124203,0,5.6,0,9.28,-132,86.3,86.3,-0.29,-1.14,-2.07,-5.8,26.258,694.1,677.8,0.33,676.1,441,76,6.13,49.519,34.92,,
10/29/2015,11:35:35,0,site_051915_124203,0,5.6,0,9.29,-132.4,86.2,86.2,-0.28,-1.13,-2.07,-5.8,26.325,694.7,677.5,0.33,675.7,440,76.6,6.17,49.266,34.742,,
10/29/2015,11:35:37,0,site_051915_124203,0,5.6,0,9.29,-132.7,86,86,-0.28,-1.12,-2.07,-5.8,26.389,695.2,677.3,0.33,675.4,440,77.2,6.21,48.975,34.538,,
10/29/2015,11:35:39,0,site_051915_124203,0,5.6,0,9.3,-133,85.8,85.8,-0.28,-1.12,-2.07,-5.79,26.426,695.7,677.2,0.33,675.3,440,77.6,6.24,47.699,33.638,,
10/29/2015,11:35:41,0,site_051915_124203,0,5.6,0,9.3,-133.3,85.7,85.7,-0.28,-1.13,-2.07,-5.79,26.454,696,677.2,0.33,675.2,440,78.2,6.28,46.69,32.927,,
10/29/2015,11:35:43,0,site_051915_124203,0,5.6,0,9.3,-133.5,85.6,85.6,-0.29,-1.15,-2.06,-5.78,26.467,696.2,677.2,0.33,675.2,440,79.1,6.35,45.822,32.315,,
10/29/2015,11:35:45,0,site_051915_124203,0,5.6,0,9.31,-133.8,85.4,85.4,-0.29,-1.16,-2.06,-5.76,26.481,696.4,677.3,0.33,675.2,440,79.8,6.41,44.184,31.16,,
10/29/2015,11:35:47,0,site_051915_124203,0,5.6,0,9.31,-134.1,85.3,85.3,-0.29,-1.16,-2.07,-5.78,26.496,696.6,677.3,0.33,675.2,440,80.4,6.46,43.399,30.607,,
10/29/2015,11:35:49,0,site_051915_124203,0,5.6,0,9.32,-134.3,85.1,85.1,-0.29,-1.15,-2.06,-5.77,26.521,696.8,677.2,0.33,675.1,440,80.9,6.5,42.58,30.03,,
10/29/2015,11:35:51,0,site_051915_124203,0,5.6,0,9.32,-134.5,85,85,-0.29,-1.17,-2.06,-5.76,26.55,697.1,677.1,0.33,675,440,81.5,6.53,40.817,28.786,,
10/29/2015,11:35:53,0,site_051915_124203,0,5.6,0,9.32,-134.7,84.9,84.9,-0.29,-1.16,-2.06,-5.76,26.584,697.5,677,0.33,674.9,440,82,6.57,39.675,27.981,,
10/29/2015,11:35:55,0,site_051915_124203,0,5.6,0,9.33,-134.9,84.7,84.7,-0.29,-1.16,-2.06,-5.78,26.619,697.9,677,0.33,674.7,440,82.4,6.61,39.282,27.704,,
10/29/2015,11:35:57,0,site_051915_124203,0,5.6,0,9.33,-135.1,84.6,84.6,-0.28,-1.13,-2.07,-5.8,26.652,698.2,676.8,0.33,674.6,440,82.9,6.64,37.058,26.136,,
10/29/2015,11:35:59,0,site_051915_124203,0,5.6,0,9.33,-135.3,84.5,84.5,-0.3,-1.19,-2.08,-5.83,26.684,698.5,676.7,0.33,674.4,440,83.4,6.68,34.47,24.311,,
10/29/2015,11:36:01,0,site_051915_124203,0,5.6,0,9.34,-135.5,84.4,84.4,-0.3,-1.21,-2.09,-5.85,26.714,698.8,676.7,0.33,674.3,440,83.9,6.71,31.437,22.173,,
10/29/2015,11:36:03,0,site_051915_124203,0,5.5,0,9.34,-135.6,84.3,84.3,-0.3,-1.18,-2.09,-5.86,26.726,698.9,676.6,0.33,674.2,440,84.3,6.74,29.089,20.516,,
10/29/2015,11:36:05,0,site_051915_124203,0,5.5,0,9.34,-135.8,84.2,84.2,-0.29,-1.18,-2.09,-5.86,26.737,699,676.5,0.33,674.2,440,84.7,6.77,26.291,18.543,,
10/29/2015,11:36:07,0,site_051915_124203,0,5.5,0,9.34,-135.9,84.1,84.1,-0.3,-1.19,-2.09,-5.85,26.745,699.1,676.5,0.33,674.1,440,85.1,6.8,25.297,17.842,,
10/29/2015,11:36:09,0,site_051915_124203,0,5.5,0,9.35,-136.1,84,84,-0.29,-1.14,-2.09,-5.85,26.754,699.1,676.5,0.33,674.1,440,85.4,6.83,24.489,17.272,,
10/29/2015,11:36:11,0,site_051915_124203,0,5.5,0,9.35,-136.2,83.9,83.9,-0.28,-1.1,-2.09,-5.86,26.758,699.2,676.4,0.33,674,440,85.8,6.85,21.858,15.417,,
10/29/2015,11:36:13,0,site_051915_124203,0,5.5,0,9.35,-136.3,83.8,83.8,-0.28,-1.11,-2.09,-5.84,26.76,699.2,676.4,0.33,674,440,86.1,6.88,20.845,14.702,,
10/29/2015,11:36:15,0,site_051915_124203,0,5.5,0,9.35,-136.5,83.8,83.8,-0.29,-1.15,-2.09,-5.85,26.761,699.2,676.4,0.33,674,440,86.3,6.89,18.452,13.014,,
10/29/2015,11:36:17,0,site_051915_124203,0,5.5,0,9.35,-136.6,83.7,83.7,-0.27,-1.09,-2.07,-5.81,26.762,699.2,676.4,0.33,674,440,86.5,6.91,16.448,11.601,,
10/29/2015,11:36:19,0,site_051915_124203,0,5.5,0,9.36,-136.7,83.6,83.6,-0.27,-1.09,-2.08,-5.81,26.763,699.2,676.4,0.33,674,440,86.7,6.93,14.234,10.039,,
10/29/2015,11:36:21,0,site_051915_124203,0,5.5,0,9.36,-136.8,83.5,83.5,-0.26,-1.04,-2.08,-5.82,26.763,699.2,676.4,0.33,674,440,86.9,6.95,12.458,8.787,,
10/29/2015,11:36:23,0,site_051915_124203,0,5.5,0,9.36,-136.9,83.5,83.5,-0.25,-0.98,-2.09,-5.85,26.763,699.2,676.4,0.33,674,440,87.2,6.97,11.217,7.912,,
10/29/2015,11:36:25,0,site_051915_124203,0,5.5,0,9.36,-137,83.4,83.4,-0.24,-0.97,-2.09,-5.84,26.764,699.2,676.4,0.33,674,440,87.3,6.98,8.331,5.876,,
10/29/2015,11:36:27,0,site_051915_124203,0,5.5,0,9.36,-137.1,83.3,83.3,-0.24,-0.97,-2.09,-5.85,26.763,699.2,676.5,0.33,674,440,87.5,6.99,6.745,4.757,,
10/29/2015,11:36:29,0,site_051915_124203,0,5.5,0,9.36,-137.1,83.2,83.2,-0.25,-0.99,-2.09,-5.85,26.763,699.2,676.4,0.33,674,440,87.7,7.01,4.134,2.916,,
10/29/2015,11:36:31,0,site_051915_124203,0,5.5,0,9.37,-137.2,83.2,83.2,-0.25,-1.02,-2.09,-5.84,26.761,699.2,676.4,0.33,674,440,87.9,7.02,2.085,1.471,,
10/29/2015,11:36:33,0,site_051915_124203,0,5.4,0,9.37,-137.3,83.1,83.1,-0.26,-1.05,-2.08,-5.84,26.76,699.2,676.4,0.33,674,440,88,7.03,1.024,0.722,,
10/29/2015,11:36:35,0,site_051915_124203,0,5.4,0,9.37,-137.4,83.1,83.1,-0.26,-1.05,-2.08,-5.82,26.759,699.1,676.3,0.33,673.9,440,88.2,7.05,-1.353,-0.954,,
10/29/2015,11:36:37,0,site_051915_124203,0,5.4,0,9.37,-137.5,83,83,-0.26,-1.04,-2.07,-5.81,26.758,699,676.3,0.33,673.9,440,88.3,7.06,-1.353,-0.955,,
10/29/2015,11:36:39,0,site_051915_124203,0,5.4,0,9.37,-137.5,83,83,-0.23,-0.92,-1.99,-5.57,26.752,47.3,45.8,0.02,45.6,30,88.5,7.08,-1.358,-0.958,,
10/29/2015,11:36:41,0,site_051915_124203,0,5.4,0,9.34,-135.7,89.3,89.3,-0.15,-0.58,-1.77,-4.94,26.712,19.4,18.8,0.01,18.7,12,88.5,7.08,-1.359,-0.959,,
10/29/2015,11:36:43,0,site_051915_124203,0,5.6,0,9.31,-134,93.6,93.6,-0.05,-0.2,-1.51,-4.22,26.641,17.4,16.9,0.01,16.8,11,88.5,7.09,-1.359,-0.959,,
10/29/2015,11:36:45,0,site_051915_124203,0,5.6,0,9.31,-134,95.2,95.2,0.05,0.21,-1.26,-3.52,26.564,15.1,14.6,0.01,14.6,10,88.4,7.09,-1.358,-0.958,,
10/29/2015,11:36:47,0,site_051915_124203,0,5.6,0,9.3,-133.4,95.4,95.4,0.19,0.74,-1,-2.8,26.506,14.8,14.4,0.01,14.3,9,88.3,7.09,-1.357,-0.958,,
10/29/2015,11:36:49,0,site_051915_124203,0,5.6,0,9.29,-132.7,95.4,95.4,0.25,1.01,-0.75,-2.09,26.408,14.7,14.4,0.01,14.3,9,88.2,7.1,-1.357,-0.957,,
10/29/2015,11:36:51,0,site_051915_124203,0,5.6,0,9.12,-122.6,95.6,95.6,0.3,1.2,-0.5,-1.41,26.325,14.5,14.1,0.01,14.1,9,88,7.09,-1.356,-0.957,,
10/29/2015,11:36:53,0,site_051915_124203,0,5.6,0,9.1,-121.3,96.1,96.1,0.33,1.31,-0.26,-0.72,26.246,15,14.6,0.01,14.6,10,87.9,7.09,-1.355,-0.956,,
10/29/2015,11:36:55,0,site_051915_124203,0,5.6,0,9.09,-120.9,96.7,96.7,0.35,1.39,-0.02,-0.06,26.204,14.5,14.2,0.01,14.2,9,87.8,7.1,-1.355,-0.956,,
10/29/2015,11:36:57,0,site_051915_124203,0,5.6,0,9.2,-127.1,97.3,97.3,0.34,1.37,0.11,0.3,26.184,14.2,13.9,0,13.8,9,87.7,7.09,-1.354,-0.955,,
10/29/2015,11:36:59,0,site_051915_124203,0,5.6,0,9.16,-124.8,97.7,97.7,0.34,1.35,0.12,0.33,26.158,14.1,13.8,0,13.8,9,87.7,7.09,-1.354,-0.955,,
10/29/2015,11:37:01,0,site_051915_124203,0,5.6,0,9.11,-121.8,98.1,98.1,0.34,1.36,0.12,0.35,26.135,13.5,13.2,0,13.1,9,87.6,7.09,-1.353,-0.955,,
10/29/2015,11:37:03,0,site_051915_124203,0,5.7,0,8.94,-112,98.5,98.5,0.34,1.36,0.11,0.31,26.114,13.3,13,0,13,8,87.6,7.09,-1.353,-0.954,,
10/29/2015,11:37:05,0,site_051915_124203,0,5.7,0,9.09,-121,98.9,98.9,0.34,1.36,0.12,0.33,26.104,12.9,12.7,0,12.6,8,87.6,7.09,-1.353,-0.954,,
10/29/2015,11:37:07,0,site_051915_124203,0,5.7,0,9.11,-121.8,99.6,99.6,0.33,1.33,0.11,0.3,26.099,12.7,12.4,0,12.4,8,87.6,7.09,-1.352,-0.954,,
10/29/2015,11:37:09,0,site_051915_124203,0,5.7,0,9.1,-121.3,100.4,100.4,0.35,1.42,0.11,0.31,26.09,12.6,12.3,0,12.3,8,87.6,7.09,-1.352,-0.954,,
10/29/2015,11:37:11,0,site_051915_124203,0,5.7,0,9.12,-122.3,101.1,101.1,0.36,1.45,0.11,0.31,26.078,12.5,12.3,0,12.2,8,87.6,7.09,-1.352,-0.954,,
10/29/2015,11:37:13,0,site_051915_124203,0,5.6,0,9.04,-117.7,101.8,101.8,0.36,1.45,0.11,0.3,26.063,12.5,12.3,0,12.2,8,87.6,7.1,-1.352,-0.954,,
10/29/2015,11:37:15,0,site_051915_124203,0,5.6,0,9.07,-119.6,102.4,102.4,0.36,1.43,0.11,0.3,26.047,12.5,12.2,0,12.2,8,87.6,7.1,-1.352,-0.953,,
10/29/2015,11:37:17,0,site_051915_124203,0,5.6,0,8.8,-103.6,102.9,102.9,0.38,1.52,0.11,0.3,26.032,12.1,11.9,0,11.9,8,87.6,7.1,-1.351,-0.953,,
10/29/2015,11:37:19,0,site_051915_124203,0,5.6,0,8.96,-113,110,110,0.36,1.46,0.1,0.29,26.013,11.9,11.6,0,11.6,8,87.6,7.1,-1.35,-0.952,,
10/29/2015,11:37:21,0,site_051915_124203,0,5.6,0,8.42,-81.4,115,115,0.35,1.41,0.1,0.27,25.991,12,11.8,0,11.8,8,87.6,7.11,-1.35,-0.952,,
10/29/2015,11:37:23,0,site_051915_124203,0,5.6,0,8.75,-100.5,115.6,115.6,0.35,1.42,0.09,0.26,25.955,12.2,12,0,12,8,87.5,7.1,-1.349,-0.952,,
10/29/2015,11:37:25,0,site_051915_124203,0,5.6,0,8.85,-106.7,115.1,115.1,0.35,1.39,0.1,0.28,25.914,12.3,12.1,0,12.1,8,87.5,7.11,-1.349,-0.952,,
10/29/2015,11:37:27,0,site_051915_124203,0,5.6,0,8.71,-98.1,115,115,0.34,1.36,0.1,0.27,25.876,12.5,12.3,0,12.3,8,87.4,7.11,-1.349,-0.952,,
10/29/2015,11:37:29,0,site_051915_124203,0,5.6,0,8.97,-113.9,115.1,115.1,0.35,1.39,0.1,0.29,25.82,13,12.8,0,12.8,8,87.3,7.1,-1.349,-0.951,,
10/29/2015,11:37:31,0,site_051915_124203,0,5.6,0,8.16,-65.9,115.1,115.1,0.34,1.37,0.1,0.29,25.775,13.3,13.1,0,13.1,9,87.3,7.11,-1.349,-0.951,,
10/29/2015,11:37:33,0,site_051915_124203,0,5.5,0,8.86,-107.4,115.5,115.5,0.35,1.39,0.11,0.3,25.725,13.3,13.1,0,13.1,9,87.2,7.11,-1.349,-0.951,,
10/29/2015,11:37:35,0,site_051915_124203,0,5.5,0,8.86,-107.4,115.8,115.8,0.34,1.34,0.1,0.29,25.674,13.3,13.1,0,13.1,9,87.2,7.11,-1.348,-0.951,,
10/29/2015,11:37:37,0,site_051915_124203,0,5.5,0,8.78,-102.3,115.9,115.9,0.35,1.39,0.12,0.34,25.64,13.4,13.2,0,13.2,9,87.3,7.13,-1.348,-0.951,,
10/29/2015,11:37:39,0,site_051915_124203,0,5.5,0,8.75,-100.4,116,116,0.33,1.33,0.12,0.33,25.604,13.4,13.2,0,13.2,9,87.4,7.14,-1.348,-0.951,,
10/29/2015,11:37:41,0,site_051915_124203,0,5.5,0,8.83,-105,116,116,0.34,1.36,0.11,0.32,25.57,13.1,13,0,13,8,87.4,7.15,-1.348,-0.951,,
10/29/2015,11:37:43,0,site_051915_124203,0,5.7,0,8.85,-106.4,116,116,0.34,1.35,0.11,0.31,25.539,13.3,13.2,0,13.2,9,87.5,7.16,-1.348,-0.951,,
10/29/2015,11:37:45,0,site_051915_124203,0,5.7,0,8.78,-102.2,115.9,115.9,0.34,1.38,0.11,0.31,25.511,12.8,12.7,0,12.7,8,87.6,7.17,-1.348,-0.951,,
10/29/2015,11:37:47,0,site_051915_124203,0,5.7,0,8.89,-108.8,116.2,116.2,0.35,1.41,0.12,0.34,25.483,12.1,12,0,12,8,87.6,7.17,-1.348,-0.951,,
10/29/2015,11:37:49,0,site_051915_124203,0,5.7,0,8.68,-96.6,116.6,116.6,0.35,1.39,0.11,0.32,25.455,11.7,11.6,0,11.6,8,87.7,7.18,-1.348,-0.951,,
10/29/2015,11:37:51,0,site_051915_124203,0,5.7,0,8.89,-108.7,124.1,124.1,0.36,1.44,0.11,0.32,25.425,12,11.9,0,11.9,8,87.7,7.19,-1.348,-0.951,,
10/29/2015,11:37:53,0,site_051915_124203,0,5.7,0,8.89,-108.5,129.6,129.6,0.36,1.45,0.11,0.32,25.395,11.7,11.6,0,11.6,8,87.7,7.2,-1.348,-0.951,,
10/29/2015,11:37:55,0,site_051915_124203,0,5.7,0,8.89,-108.5,132.6,132.6,0.34,1.38,0.11,0.3,25.368,11.3,11.3,0,11.2,7,87.7,7.2,-1.348,-0.951,,
10/29/2015,11:37:57,0,site_051915_124203,0,5.7,0,8.76,-101.4,133.1,133.1,0.35,1.42,0.11,0.3,25.347,11.2,11.1,0,11.1,7,87.7,7.2,-1.349,-0.951,,
10/29/2015,11:37:59,0,site_051915_124203,0,5.7,0,8.95,-112.1,133.4,133.4,0.36,1.43,0.11,0.32,25.319,11.3,11.2,0,11.2,7,87.7,7.2,-1.349,-0.951,,
10/29/2015,11:38:01,0,site_051915_124203,0,5.7,0,8.8,-103.5,133.9,133.9,0.34,1.38,0.13,0.36,25.304,12.8,12.7,0,12.7,8,87.7,7.2,-1.349,-0.951,,
10/29/2015,11:38:03,0,site_051915_124203,0,5.6,0,8.94,-111.7,134.4,134.4,0.35,1.4,0.12,0.35,25.284,14.1,14,0,14,9,87.7,7.21,-1.349,-0.951,,
10/29/2015,11:38:05,0,site_051915_124203,0,5.6,0,8.73,-99.4,134.9,134.9,0.35,1.39,0.12,0.34,25.272,16.3,16.2,0.01,16.2,11,87.7,7.21,-1.349,-0.951,,
10/29/2015,11:38:07,0,site_051915_124203,0,5.6,0,8.85,-106.1,137.6,137.6,0.34,1.37,0.13,0.37,25.262,19.4,19.3,0.01,19.3,13,87.7,7.21,-1.349,-0.951,,
10/29/2015,11:38:09,0,site_051915_124203,0,5.6,0,8.98,-114.1,139.4,139.4,0.32,1.28,0.15,0.42,25.253,21.6,21.5,0.01,21.5,14,87.8,7.22,-1.349,-0.951,,
10/29/2015,11:38:11,0,site_051915_124203,0,5.6,0,8.96,-112.6,139.4,139.4,0.3,1.21,0.18,0.49,25.248,24.2,24.1,0.01,24.1,16,87.8,7.22,-1.349,-0.951,,
10/29/2015,11:38:13,0,site_051915_124203,0,5.6,0,8.74,-100,138.7,138.7,0.31,1.23,0.18,0.5,25.244,25.3,25.2,0.01,25.1,16,87.9,7.23,-1.349,-0.951,,
10/29/2015,11:38:15,0,site_051915_124203,0,5.6,0,9.07,-119.1,139.4,139.4,0.31,1.24,0.19,0.52,25.236,25.9,25.8,0.01,25.8,17,87.9,7.23,-1.349,-0.951,,
10/29/2015,11:38:17,0,site_051915_124203,0,5.6,0,9.11,-121.9,138.4,138.4,0.32,1.28,0.19,0.53,25.236,27,26.9,0.01,26.9,17,87.9,7.23,-1.349,-0.951,,
10/29/2015,11:38:19,0,site_051915_124203,0,5.6,0,9.12,-122.4,137.2,137.2,0.34,1.37,0.19,0.53,25.24,26.9,26.7,0.01,26.7,17,88,7.24,-1.349,-0.951,,
10/29/2015,11:38:21,0,site_051915_124203,0,5.6,0,9.13,-122.7,136.2,136.2,0.35,1.41,0.2,0.57,25.246,27.5,27.4,0.01,27.4,18,88,7.24,-1.349,-0.951,,
10/29/2015,11:38:23,0,site_051915_124203,0,5.6,0,9.13,-123,135.3,135.3,0.37,1.5,0.22,0.62,25.254,28.2,28,0.01,28,18,88.1,7.25,-1.349,-0.951,,
10/29/2015,11:38:25,0,site_051915_124203,0,5.6,0,9.14,-123.3,127,127,0.37,1.48,0.22,0.61,25.265,27.8,27.7,0.01,27.6,18,88.2,7.25,-1.349,-0.951,,
10/29/2015,11:38:27,0,site_051915_124203,0,5.6,0,9.14,-123.5,125.9,125.9,0.37,1.47,0.22,0.62,25.284,27.6,27.5,0.01,27.5,18,88.4,7.26,-1.349,-0.951,,
10/29/2015,11:38:29,0,site_051915_124203,0,5.6,0,9.15,-123.8,125.4,125.4,0.36,1.42,0.21,0.59,25.306,27.1,26.9,0.01,26.9,18,88.5,7.27,-1.348,-0.951,,
10/29/2015,11:38:31,0,site_051915_124203,0,5.6,0,9.15,-124.1,124.9,124.9,0.36,1.44,0.21,0.58,25.325,25.2,25.1,0.01,25.1,16,88.5,7.27,-1.348,-0.951,,
10/29/2015,11:38:33,0,site_051915_124203,0,5.6,0,9.16,-124.3,124.3,124.3,0.36,1.46,0.2,0.56,25.344,23.3,23.2,0.01,23.1,15,88.6,7.28,-1.348,-0.95,,
10/29/2015,11:38:35,0,site_051915_124203,0,5.6,0,9.16,-124.6,123.8,123.8,0.37,1.46,0.19,0.53,25.362,21.6,21.4,0.01,21.4,14,88.7,7.28,-1.347,-0.95,,
10/29/2015,11:38:37,0,site_051915_124203,0,5.6,0,9.16,-124.8,123.3,123.3,0.36,1.45,0.18,0.51,25.375,21,20.8,0.01,20.8,14,88.7,7.28,-1.347,-0.95,,
10/29/2015,11:38:39,0,site_051915_124203,0,5.6,0,9.17,-125,122.8,122.8,0.36,1.44,0.19,0.52,25.394,20.6,20.4,0.01,20.4,13,88.7,7.28,-1.347,-0.95,,
10/29/2015,11:38:41,0,site_051915_124203,0,5.6,0,9.17,-125.3,122.3,122.3,0.36,1.43,0.18,0.51,25.408,20.5,20.4,0.01,20.3,13,88.8,7.28,-1.347,-0.95,,
10/29/2015,11:38:43,0,site_051915_124203,0,5.6,0,9.18,-125.7,121.9,121.9,0.36,1.42,0.18,0.52,25.422,20.6,20.4,0.01,20.4,13,88.8,7.28,-1.347,-0.95,,
10/29/2015,11:38:45,0,site_051915_124203,0,5.6,0,9.19,-126.1,121.4,121.4,0.35,1.42,0.18,0.5,25.434,20.6,20.4,0.01,20.4,13,88.8,7.28,-1.347,-0.95,,
10/29/2015,11:38:47,0,site_051915_124203,0,5.6,0,9.19,-126.4,121,121,0.35,1.4,0.17,0.48,25.445,20.6,20.4,0.01,20.4,13,88.8,7.28,-1.347,-0.95,,
10/29/2015,11:38:49,0,site_051915_124203,0,5.6,0,9.2,-126.7,120.6,120.6,0.36,1.43,0.17,0.48,25.456,20.5,20.3,0.01,20.3,13,88.9,7.28,-1.347,-0.95,,
10/29/2015,11:38:51,0,site_051915_124203,0,5.6,0,9.2,-127,119.9,119.9,0.36,1.45,0.17,0.49,25.467,20.4,20.2,0.01,20.2,13,88.9,7.28,-1.347,-0.95,,
10/29/2015,11:38:53,0,site_051915_124203,0,5.6,0,9.2,-127.2,119.1,119.1,0.36,1.43,0.17,0.49,25.477,20.1,20,0.01,19.9,13,88.9,7.28,-1.347,-0.95,,
10/29/2015,11:38:55,0,site_051915_124203,0,5.6,0,9.21,-127.5,118.3,118.3,0.36,1.44,0.17,0.47,25.486,19.7,19.5,0.01,19.5,13,88.9,7.28,-1.347,-0.95,,
10/29/2015,11:38:57,0,site_051915_124203,0,5.6,0,9.21,-127.6,117.6,117.6,0.39,1.54,0.17,0.49,25.496,19.4,19.2,0.01,19.2,13,88.9,7.28,-1.347,-0.95,,
10/29/2015,11:38:59,0,site_051915_124203,0,5.6,0,9.21,-127.8,116.8,116.8,0.39,1.54,0.17,0.47,25.505,19.2,19.1,0.01,19,12,89,7.28,-1.347,-0.95,,
10/29/2015,11:39:01,0,site_051915_124203,0,5.6,0,9.22,-128,116.1,116.1,0.38,1.52,0.16,0.46,25.513,19,18.8,0.01,18.8,12,89,7.28,-1.347,-0.95,,
10/29/2015,11:39:03,0,site_051915_124203,0,5.6,0,9.22,-128.1,115.4,115.4,0.38,1.52,0.16,0.44,25.521,19.4,19.2,0.01,19.2,13,89,7.29,-1.347,-0.95,,
10/29/2015,11:39:05,0,site_051915_124203,0,5.6,0,9.22,-128.3,114.7,114.7,0.38,1.52,0.16,0.46,25.53,19.6,19.4,0.01,19.4,13,89,7.29,-1.347,-0.95,,
10/29/2015,11:39:07,0,site_051915_124203,0,5.6,0,9.22,-128.4,114.1,114.1,0.38,1.5,0.17,0.47,25.539,19.8,19.6,0.01,19.6,13,89.1,7.29,-1.347,-0.95,,
10/29/2015,11:39:09,0,site_051915_124203,0,5.6,0,9.23,-128.5,113.5,113.5,0.37,1.5,0.16,0.46,25.547,19.9,19.7,0.01,19.7,13,89.1,7.29,-1.347,-0.95,,
10/29/2015,11:39:11,0,site_051915_124203,0,5.6,0,9.23,-128.6,112.9,112.9,0.38,1.51,0.17,0.48,25.556,20,19.8,0.01,19.7,13,89.1,7.29,-1.347,-0.95,,
10/29/2015,11:39:13,0,site_051915_124203,0,5.6,0,9.23,-128.7,112.3,112.3,0.37,1.47,0.17,0.49,25.565,20.1,19.9,0.01,19.8,13,89.1,7.29,-1.347,-0.95,,
10/29/2015,11:39:15,0,site_051915_124203,0,5.6,0,9.23,-128.8,111.7,111.7,0.37,1.46,0.17,0.49,25.574,19.8,19.5,0.01,19.5,13,89.1,7.29,-1.347,-0.95,,
10/29/2015,11:39:17,0,site_051915_124203,0,5.6,0,9.23,-128.9,111.2,111.2,0.38,1.5,0.17,0.49,25.583,19.4,19.2,0.01,19.2,12,89.2,7.29,-1.347,-0.95,,
10/29/2015,11:39:19,0,site_051915_124203,0,5.6,0,9.23,-129,110.7,110.7,0.37,1.49,0.18,0.5,25.593,19.3,19,0.01,19,12,89.2,7.29,-1.347,-0.95,,
10/29/2015,11:39:21,0,site_051915_124203,0,5.6,0,9.24,-129.1,110.2,110.2,0.38,1.53,0.19,0.53,25.601,20.1,19.9,0.01,19.9,13,89.2,7.29,-1.347,-0.95,,
10/29/2015,11:39:23,0,site_051915_124203,0,5.6,0,9.24,-129.2,110,110,0.39,1.54,0.2,0.55,25.61,20.3,20,0.01,20,13,89.2,7.29,-1.347,-0.95,,
10/29/2015,11:39:25,0,site_051915_124203,0,5.6,0,9.24,-129.2,109.8,109.8,0.38,1.53,0.2,0.57,25.617,19.1,18.9,0.01,18.9,12,89.2,7.29,-1.347,-0.95,,
10/29/2015,11:39:27,0,site_051915_124203,0,5.6,0,9.24,-129.3,109.5,109.5,0.38,1.52,0.2,0.56,25.624,17.8,17.6,0.01,17.6,11,89.2,7.29,-1.348,-0.95,,
10/29/2015,11:39:29,0,site_051915_124203,0,5.6,0,9.24,-129.3,109.2,109.2,0.37,1.48,0.2,0.57,25.63,16.4,16.2,0.01,16.1,11,89.2,7.29,-1.348,-0.951,,
10/29/2015,11:39:31,0,site_051915_124203,0,5.6,0,9.24,-129.3,108.9,108.9,0.35,1.41,0.21,0.58,25.636,14.8,14.6,0.01,14.6,9,89.3,7.29,-1.348,-0.951,,
10/29/2015,11:39:33,0,site_051915_124203,0,5.6,0,9.24,-129.3,108.6,108.6,0.35,1.4,0.21,0.58,25.642,13.1,12.9,0,12.9,8,89.3,7.29,-1.348,-0.951,,
10/29/2015,11:39:35,0,site_051915_124203,0,5.6,0,9.24,-129.4,108.2,108.2,0.35,1.38,0.2,0.57,25.647,10.9,10.8,0,10.8,7,89.3,7.29,-1.349,-0.951,,
10/29/2015,11:39:37,0,site_051915_124203,0,5.6,0,9.24,-129.4,107.9,107.9,0.34,1.36,0.21,0.58,25.653,10.8,10.7,0,10.7,7,89.3,7.29,-1.348,-0.951,,
10/29/2015,11:39:39,0,site_051915_124203,0,5.6,0,9.24,-129.4,107.6,107.6,0.35,1.39,0.21,0.57,25.658,11.2,11.1,0,11.1,7,89.3,7.29,-1.348,-0.951,,
10/29/2015,11:39:41,0,site_051915_124203,0,5.6,0,9.24,-129.4,107.3,107.3,0.35,1.39,0.2,0.55,25.663,15.1,14.9,0.01,14.9,10,89.3,7.29,-1.348,-0.951,,
10/29/2015,11:39:43,0,site_051915_124203,0,5.6,0,9.24,-129.4,107.1,107.1,0.35,1.4,0.19,0.55,25.668,27.5,27.1,0.01,27.1,18,89.3,7.29,-1.348,-0.951,,
10/29/2015,11:39:45,0,site_051915_124203,0,5.6,0,9.24,-129.4,106.5,106.5,0.35,1.38,0.19,0.55,25.672,23.4,23.1,0.01,23.1,15,89.3,7.29,-1.348,-0.951,,
10/29/2015,11:39:47,0,site_051915_124203,0,5.6,0,9.24,-129.4,106,106,0.35,1.4,0.18,0.49,25.677,18.9,18.6,0.01,18.6,12,89.3,7.29,-1.348,-0.951,,
10/29/2015,11:39:49,0,site_051915_124203,0,5.6,0,9.24,-129.4,105.5,105.5,0.36,1.46,0.18,0.5,25.681,22.8,22.5,0.01,22.4,15,89.3,7.29,-1.348,-0.951,,
10/29/2015,11:39:51,0,site_051915_124203,0,5.6,0,9.24,-129.4,105.1,105.1,0.37,1.48,0.18,0.5,25.685,27.5,27.2,0.01,27.1,18,89.3,7.29,-1.349,-0.951,,
10/29/2015,11:39:53,0,site_051915_124203,0,5.6,0,9.24,-129.5,104.7,104.7,0.37,1.48,0.18,0.5,25.689,26.4,26.1,0.01,26,17,89.3,7.29,-1.349,-0.951,,
10/29/2015,11:39:55,0,site_051915_124203,0,5.6,0,9.24,-129.5,104.4,104.4,0.38,1.53,0.18,0.52,25.693,24.8,24.4,0.01,24.4,16,89.3,7.29,-1.349,-0.951,,
10/29/2015,11:39:57,0,site_051915_124203,0,5.6,0,9.24,-129.5,104.1,104.1,0.4,1.59,0.19,0.53,25.698,23.2,22.9,0.01,22.9,15,89.4,7.29,-1.349,-0.951,,
10/29/2015,11:39:59,0,site_051915_124203,0,5.6,0,9.24,-129.6,103.8,103.8,0.4,1.61,0.18,0.52,25.702,22.3,22,0.01,22,14,89.4,7.29,-1.349,-0.951,,
10/29/2015,11:40:01,0,site_051915_124203,0,5.6,0,9.24,-129.6,103.4,103.4,0.39,1.58,0.18,0.51,25.706,21,20.8,0.01,20.7,13,89.4,7.29,-1.348,-0.951,,
10/29/2015,11:40:03,0,site_051915_124203,0,5.6,0,9.24,-129.6,103.1,103.1,0.41,1.62,0.17,0.49,25.71,17.4,17.2,0.01,17.2,11,89.4,7.29,-1.348,-0.951,,
10/29/2015,11:40:05,0,site_051915_124203,0,5.6,0,9.24,-129.6,102.8,102.8,0.41,1.62,0.18,0.5,25.714,14.7,14.5,0.01,14.5,9,89.4,7.29,-1.348,-0.951,,
10/29/2015,11:40:07,0,site_051915_124203,0,5.6,0,9.24,-129.6,102.5,102.5,0.4,1.58,0.17,0.48,25.718,12.8,12.6,0,12.6,8,89.4,7.29,-1.347,-0.95,,
10/29/2015,11:40:09,0,site_051915_124203,0,5.6,0,9.24,-129.6,102.1,102.1,0.38,1.53,0.17,0.49,25.722,11.6,11.5,0,11.4,7,89.4,7.29,-1.347,-0.95,,
10/29/2015,11:40:11,0,site_051915_124203,0,5.6,0,9.24,-129.7,101.8,101.8,0.37,1.5,0.17,0.48,25.726,10.7,10.6,0,10.6,7,89.4,7.29,-1.347,-0.95,,
10/29/2015,11:40:13,0,site_051915_124203,0,5.6,0,9.24,-129.7,101.4,101.4,0.37,1.46,0.17,0.49,25.731,9.9,9.8,0,9.8,6,89.4,7.29,-1.347,-0.95,,
10/29/2015,11:40:15,0,site_051915_124203,0,5.6,0,9.25,-129.7,101.1,101.1,0.36,1.44,0.17,0.48,25.735,9.2,9.1,0,9.1,6,89.4,7.29,-1.347,-0.95,,
10/29/2015,11:40:17,0,site_051915_124203,0,5.6,0,9.25,-129.7,100.8,100.8,0.36,1.44,0.17,0.49,25.739,8.6,8.4,0,8.4,5,89.5,7.29,-1.347,-0.95,,
10/29/2015,11:40:19,0,site_051915_124203,0,5.6,0,9.25,-129.7,100.5,100.5,0.36,1.43,0.18,0.5,25.743,8.4,8.3,0,8.3,5,89.5,7.29,-1.347,-0.95,,
10/29/2015,11:40:21,0,site_051915_124203,0,5.6,0,9.25,-129.8,100.2,100.2,0.37,1.49,0.18,0.5,25.747,8.3,8.2,0,8.2,5,89.5,7.29,-1.347,-0.95,,
10/29/2015,11:40:23,0,site_051915_124203,0,5.6,0,9.25,-129.8,99.8,99.8,0.36,1.45,0.19,0.52,25.751,8.3,8.2,0,8.2,5,89.5,7.29,-1.347,-0.95,,
10/29/2015,11:40:25,0,site_051915_124203,0,5.6,0,9.25,-129.8,99.5,99.5,0.38,1.52,0.19,0.52,25.755,8.3,8.2,0,8.1,5,89.5,7.29,-1.347,-0.95,,
10/29/2015,11:40:27,0,site_051915_124203,0,5.6,0,9.25,-129.8,99.2,99.2,0.38,1.53,0.19,0.53,25.758,8.3,8.1,0,8.1,5,89.5,7.29,-1.347,-0.95,,
10/29/2015,11:40:29,0,site_051915_124203,0,5.6,0,9.25,-129.9,98.9,98.9,0.39,1.55,0.18,0.51,25.763,8.2,8.1,0,8.1,5,89.5,7.29,-1.347,-0.95,,
10/29/2015,11:40:31,0,site_051915_124203,0,5.6,0,9.25,-130,98.6,98.6,0.38,1.52,0.19,0.53,25.766,8.2,8.1,0,8.1,5,89.5,7.29,-1.347,-0.95,,
10/29/2015,11:40:33,0,site_051915_124203,0,5.6,0,9.25,-130,98.3,98.3,0.39,1.55,0.18,0.52,25.77,8.3,8.2,0,8.1,5,89.5,7.29,-1.347,-0.95,,
10/29/2015,11:40:35,0,site_051915_124203,0,5.6,0,9.25,-130.1,98.1,98.1,0.38,1.52,0.19,0.53,25.774,8.3,8.2,0,8.2,5,89.5,7.29,-1.347,-0.95,,
10/29/2015,11:40:37,0,site_051915_124203,0,5.6,0,9.25,-130.2,97.8,97.8,0.37,1.48,0.2,0.57,25.777,8.3,8.2,0,8.2,5,89.5,7.29,-1.347,-0.95,,
10/29/2015,11:40:39,0,site_051915_124203,0,5.6,0,9.25,-130.2,97.5,97.5,0.38,1.54,0.19,0.54,25.781,8.4,8.2,0,8.2,5,89.5,7.29,-1.347,-0.95,,
10/29/2015,11:40:41,0,site_051915_124203,0,5.6,0,9.25,-130.3,97.2,97.2,0.38,1.54,0.19,0.54,25.784,8.4,8.2,0,8.2,5,89.5,7.29,-1.347,-0.95,,
10/29/2015,11:40:43,0,site_051915_124203,0,5.6,0,9.26,-130.3,97,97,0.39,1.56,0.19,0.54,25.788,8.4,8.3,0,8.3,5,89.5,7.29,-1.347,-0.95,,
10/29/2015,11:40:45,0,site_051915_124203,0,5.6,0,9.26,-130.4,96.7,96.7,0.39,1.55,0.19,0.54,25.791,8.4,8.2,0,8.2,5,89.5,7.29,-1.347,-0.95,,
10/29/2015,11:40:47,0,site_051915_124203,0,5.6,0,9.26,-130.5,96.5,96.5,0.39,1.55,0.2,0.56,25.795,8.3,8.2,0,8.2,5,89.5,7.29,-1.347,-0.95,,
10/29/2015,11:40:49,0,site_051915_124203,0,5.6,0,9.26,-130.5,96.2,96.2,0.39,1.56,0.19,0.54,25.798,8.3,8.2,0,8.2,5,89.5,7.29,-1.347,-0.95,,
10/29/2015,11:40:51,0,site_051915_124203,0,5.6,0,9.26,-130.6,96,96,0.37,1.49,0.19,0.54,25.802,8.3,8.2,0,8.2,5,89.5,7.29,-1.347,-0.95,,
10/29/2015,11:40:53,0,site_051915_124203,0,5.5,0,9.26,-130.6,95.8,95.8,0.36,1.45,0.19,0.53,25.805,8.3,8.2,0,8.2,5,89.5,7.29,-1.348,-0.951,,
10/29/2015,11:40:55,0,site_051915_124203,0,5.5,0,9.26,-130.6,95.6,95.6,0.37,1.48,0.18,0.51,25.809,8.3,8.2,0,8.2,5,89.5,7.29,-1.348,-0.95,,
10/29/2015,11:40:57,0,site_051915_124203,0,5.5,0,9.26,-130.7,95.3,95.3,0.38,1.5,0.18,0.5,25.813,8.3,8.2,0,8.2,5,89.5,7.29,-1.348,-0.95,,
10/29/2015,11:40:59,0,site_051915_124203,0,5.5,0,9.26,-130.7,95.1,95.1,0.37,1.48,0.18,0.5,25.816,8.3,8.2,0,8.2,5,89.5,7.29,-1.348,-0.95,,
10/29/2015,11:41:01,0,site_051915_124203,0,5.5,0,9.26,-130.7,94.9,94.9,0.38,1.51,0.17,0.47,25.82,8.3,8.2,0,8.1,5,89.5,7.29,-1.348,-0.951,,
10/29/2015,11:41:03,0,site_051915_124203,0,5.6,0,9.26,-130.7,94.7,94.7,0.38,1.54,0.17,0.47,25.823,8.3,8.1,0,8.1,5,89.5,7.29,-1.348,-0.95,,
10/29/2015,11:41:05,0,site_051915_124203,0,5.6,0,9.26,-130.7,94.5,94.5,0.39,1.56,0.16,0.45,25.827,8.2,8.1,0,8.1,5,89.5,7.29,-1.348,-0.951,,
10/29/2015,11:41:07,0,site_051915_124203,0,5.6,0,9.26,-130.7,94.2,94.2,0.38,1.54,0.16,0.46,25.83,8.9,8.8,0,8.8,6,89.5,7.29,-1.348,-0.951,,
10/29/2015,11:41:09,0,site_051915_124203,0,5.6,0,9.26,-130.7,94.1,94.1,0.38,1.52,0.16,0.44,25.833,9.6,9.5,0,9.5,6,89.5,7.29,-1.348,-0.951,,
10/29/2015,11:41:11,0,site_051915_124203,0,5.6,0,9.26,-130.7,93.9,93.9,0.37,1.48,0.16,0.45,25.836,10.2,10,0,10,6,89.6,7.29,-1.348,-0.951,,
10/29/2015,11:41:13,0,site_051915_124203,0,5.6,0,9.26,-130.6,93.7,93.7,0.37,1.47,0.17,0.48,25.839,10.6,10.4,0,10.4,7,89.6,7.29,-1.348,-0.951,,
10/29/2015,11:41:15,0,site_051915_124203,0,5.6,0,9.26,-130.6,93.5,93.5,0.36,1.44,0.17,0.48,25.843,11,10.8,0,10.8,7,89.6,7.29,-1.348,-0.95,,
10/29/2015,11:41:17,0,site_051915_124203,0,5.6,0,9.26,-130.6,93.3,93.3,0.35,1.4,0.18,0.5,25.846,11.4,11.2,0,11.2,7,89.6,7.29,-1.347,-0.95,,
10/29/2015,11:41:19,0,site_051915_124203,0,5.6,0,9.26,-130.6,93.2,93.2,0.35,1.4,0.18,0.5,25.849,11.4,11.2,0,11.2,7,89.6,7.29,-1.347,-0.95,,
10/29/2015,11:41:21,0,site_051915_124203,0,5.6,0,9.26,-130.6,93,93,0.36,1.45,0.19,0.53,25.852,10.9,10.8,0,10.7,7,89.6,7.29,-1.347,-0.95,,
10/29/2015,11:41:23,0,site_051915_124203,0,5.6,0,9.26,-130.5,92.8,92.8,0.38,1.5,0.2,0.56,25.855,10.7,10.5,0,10.5,7,89.6,7.29,-1.347,-0.95,,
10/29/2015,11:41:25,0,site_051915_124203,0,5.6,0,9.26,-130.5,92.7,92.7,0.37,1.49,0.19,0.53,25.859,10.5,10.4,0,10.3,7,89.6,7.29,-1.347,-0.95,,
10/29/2015,11:41:27,0,site_051915_124203,0,5.6,0,9.26,-130.5,92.6,92.6,0.38,1.53,0.2,0.55,25.862,10.4,10.3,0,10.3,7,89.6,7.29,-1.347,-0.95,,
10/29/2015,11:41:29,0,site_051915_124203,0,5.6,0,9.26,-130.5,92.4,92.4,0.4,1.59,0.2,0.57,25.865,10.4,10.2,0,10.2,7,89.6,7.29,-1.347,-0.95,,
10/29/2015,11:41:31,0,site_051915_124203,0,5.6,0,9.26,-130.5,92.3,92.3,0.39,1.55,0.2,0.57,25.868,10.4,10.2,0,10.2,7,89.6,7.29,-1.347,-0.95,,
10/29/2015,11:41:33,0,site_051915_124203,0,5.6,0,9.26,-130.4,92.1,92.1,0.39,1.55,0.19,0.54,25.871,10.4,10.2,0,10.2,7,89.6,7.29,-1.347,-0.95,,
10/29/2015,11:41:35,0,site_051915_124203,0,5.6,0,9.26,-130.4,92,92,0.39,1.55,0.19,0.54,25.874,10.4,10.2,0,10.2,7,89.6,7.29,-1.347,-0.95,,
10/29/2015,11:41:37,0,site_051915_124203,0,5.6,0,9.26,-130.4,91.9,91.9,0.38,1.53,0.2,0.57,25.878,10.3,10.2,0,10.1,7,89.6,7.29,-1.347,-0.95,,
10/29/2015,11:41:39,0,site_051915_124203,0,5.6,0,9.26,-130.4,91.7,91.7,0.38,1.52,0.19,0.54,25.88,10.4,10.2,0,10.2,7,89.6,7.29,-1.347,-0.95,,
10/29/2015,11:41:41,0,site_051915_124203,0,5.6,0,9.26,-130.4,91.6,91.6,0.39,1.55,0.18,0.51,25.884,10.4,10.2,0,10.2,7,89.6,7.29,-1.347,-0.95,,
10/29/2015,11:41:43,0,site_051915_124203,0,5.6,0,9.26,-130.4,91.5,91.5,0.39,1.55,0.18,0.52,25.887,10.3,10.2,0,10.2,7,89.6,7.29,-1.347,-0.95,,
10/29/2015,11:41:45,0,site_051915_124203,0,5.6,0,9.25,-130.3,91.3,91.3,0.38,1.52,0.19,0.52,25.891,10.3,10.1,0,10.1,7,89.6,7.29,-1.347,-0.95,,
10/29/2015,11:41:47,0,site_051915_124203,0,5.6,0,9.25,-130.3,91.2,91.2,0.37,1.47,0.18,0.51,25.894,10.3,10.1,0,10.1,7,89.6,7.29,-1.347,-0.95,,
10/29/2015,11:41:49,0,site_051915_124203,0,5.6,0,9.25,-130.3,91.1,91.1,0.36,1.46,0.18,0.51,25.897,10.2,10.1,0,10,7,89.6,7.29,-1.347,-0.95,,
10/29/2015,11:41:51,0,site_051915_124203,0,5.6,0,9.25,-130.3,90.9,90.9,0.35,1.41,0.19,0.54,25.9,10.2,10,0,10,7,89.7,7.29,-1.347,-0.95,,
10/29/2015,11:41:53,0,site_051915_124203,0,5.6,0,9.25,-130.3,90.8,90.8,0.34,1.38,0.19,0.52,25.904,10.1,10,0,10,6,89.7,7.29,-1.347,-0.95,,
10/29/2015,11:41:55,0,site_051915_124203,0,5.6,0,9.25,-130.3,90.7,90.7,0.35,1.4,0.19,0.52,25.907,10.1,10,0,9.9,6,89.7,7.29,-1.347,-0.95,,
10/29/2015,11:41:57,0,site_051915_124203,0,5.6,0,9.25,-130.3,90.6,90.6,0.35,1.38,0.19,0.52,25.91,10.1,9.9,0,9.9,6,89.7,7.29,-1.347,-0.95,,
10/29/2015,11:41:59,0,site_051915_124203,0,5.6,0,9.25,-130.3,90.5,90.5,0.36,1.44,0.19,0.52,25.914,10,9.9,0,9.9,6,89.7,7.29,-1.347,-0.95,,
10/29/2015,11:42:01,0,site_051915_124203,0,5.6,0,9.25,-130.3,90.3,90.3,0.36,1.46,0.17,0.48,25.917,10,9.8,0,9.8,6,89.7,7.29,-1.347,-0.95,,
10/29/2015,11:42:03,0,site_051915_124203,0,5.6,0,9.25,-130.3,90.2,90.2,0.37,1.47,0.19,0.53,25.92,10,9.8,0,9.8,6,89.7,7.29,-1.347,-0.95,,
10/29/2015,11:42:05,0,site_051915_124203,0,5.6,0,9.25,-130.3,90.1,90.1,0.37,1.46,0.19,0.52,25.924,9.9,9.8,0,9.8,6,89.7,7.29,-1.347,-0.95,,
10/29/2015,11:42:07,0,site_051915_124203,0,5.6,0,9.25,-130.2,90,90,0.38,1.5,0.19,0.53,25.927,10,9.8,0,9.8,6,89.7,7.29,-1.347,-0.95,,
10/29/2015,11:42:09,0,site_051915_124203,0,5.6,0,9.25,-130.2,89.9,89.9,0.37,1.49,0.18,0.51,25.93,10.1,10,0,10,6,89.7,7.29,-1.347,-0.95,,
10/29/2015,11:42:11,0,site_051915_124203,0,5.6,0,9.25,-130.2,89.8,89.8,0.37,1.48,0.18,0.5,25.934,10.3,10.2,0,10.1,7,89.7,7.29,-1.347,-0.95,,
10/29/2015,11:42:13,0,site_051915_124203,0,5.6,0,9.25,-130.2,89.7,89.7,0.38,1.51,0.17,0.47,25.937,10.6,10.4,0,10.4,7,89.7,7.29,-1.347,-0.95,,
10/29/2015,11:42:15,0,site_051915_124203,0,5.6,0,9.25,-130.2,89.7,89.7,0.37,1.48,0.17,0.47,25.94,10.8,10.6,0,10.6,7,89.7,7.29,-1.347,-0.95,,
10/29/2015,11:42:17,0,site_051915_124203,0,5.6,0,9.25,-130.2,89.6,89.6,0.38,1.51,0.17,0.48,25.944,11.1,10.9,0,10.9,7,89.7,7.29,-1.347,-0.95,,
10/29/2015,11:42:19,0,site_051915_124203,0,5.6,0,9.25,-130.2,89.6,89.6,0.37,1.5,0.17,0.48,25.947,11.3,11.1,0,11.1,7,89.7,7.29,-1.347,-0.95,,
10/29/2015,11:42:21,0,site_051915_124203,0,5.6,0,9.25,-130.3,89.5,89.5,0.39,1.55,0.17,0.47,25.95,11.4,11.2,0,11.2,7,89.7,7.29,-1.347,-0.95,,
10/29/2015,11:42:23,0,site_051915_124203,0,5.6,0,9.25,-130.3,89.5,89.5,0.38,1.52,0.16,0.46,25.954,11.4,11.2,0,11.2,7,89.7,7.29,-1.347,-0.95,,
10/29/2015,11:42:25,0,site_051915_124203,0,5.6,0,9.25,-130.3,89.5,89.5,0.38,1.52,0.17,0.47,25.957,11.4,11.2,0,11.2,7,89.7,7.29,-1.347,-0.95,,
10/29/2015,11:42:27,0,site_051915_124203,0,5.6,0,9.25,-130.3,89.4,89.4,0.38,1.51,0.16,0.45,25.961,11.5,11.3,0,11.2,7,89.7,7.29,-1.347,-0.95,,
10/29/2015,11:42:29,0,site_051915_124203,0,5.6,0,9.25,-130.3,89.4,89.4,0.37,1.49,0.17,0.46,25.964,11.5,11.3,0,11.3,7,89.7,7.29,-1.347,-0.95,,
10/29/2015,11:42:31,0,site_051915_124203,0,5.6,0,9.25,-130.3,89.4,89.4,0.38,1.51,0.17,0.49,25.968,11.8,11.6,0,11.5,8,89.7,7.28,-1.347,-0.95,,
10/29/2015,11:42:33,0,site_051915_124203,0,5.6,0,9.25,-130.4,89.4,89.4,0.39,1.54,0.18,0.52,25.971,12.2,11.9,0,11.9,8,89.7,7.28,-1.347,-0.95,,
10/29/2015,11:42:35,0,site_051915_124203,0,5.6,0,9.26,-130.4,89.4,89.4,0.39,1.55,0.18,0.51,25.974,12,11.8,0,11.8,8,89.7,7.28,-1.347,-0.95,,
10/29/2015,11:42:37,0,site_051915_124203,0,5.6,0,9.26,-130.4,89.4,89.4,0.39,1.55,0.19,0.53,25.978,11.7,11.5,0,11.5,7,89.7,7.28,-1.347,-0.95,,
10/29/2015,11:42:39,0,site_051915_124203,0,5.6,0,9.26,-130.4,89.4,89.4,0.39,1.56,0.18,0.5,25.981,11.5,11.3,0,11.3,7,89.7,7.28,-1.347,-0.95,,
10/29/2015,11:42:41,0,site_051915_124203,0,5.6,0,9.26,-130.4,89.4,89.4,0.39,1.57,0.19,0.52,25.985,11.2,11,0,11,7,89.7,7.28,-1.347,-0.95,,
10/29/2015,11:42:43,0,site_051915_124203,0,5.6,0,9.26,-130.5,89.3,89.3,0.38,1.51,0.18,0.51,25.989,10.8,10.6,0,10.5,7,89.8,7.28,-1.347,-0.95,,
10/29/2015,11:42:45,0,site_051915_124203,0,5.6,0,9.26,-130.5,89.3,89.3,0.38,1.51,0.19,0.52,25.992,10,9.8,0,9.8,6,89.8,7.28,-1.347,-0.95,,
10/29/2015,11:42:47,0,site_051915_124203,0,5.6,0,9.26,-130.5,89.2,89.2,0.37,1.49,0.19,0.53,25.996,9.6,9.5,0,9.4,6,89.8,7.28,-1.347,-0.95,,
10/29/2015,11:42:49,0,site_051915_124203,0,5.6,0,9.26,-130.5,89.2,89.2,0.37,1.48,0.18,0.51,26,9.5,9.3,0,9.3,6,89.8,7.28,-1.347,-0.95,,
10/29/2015,11:42:51,0,site_051915_124203,0,5.6,0,9.26,-130.5,89.1,89.1,0.36,1.45,0.17,0.46,26.004,9.5,9.4,0,9.4,6,89.8,7.28,-1.347,-0.95,,
10/29/2015,11:42:53,0,site_051915_124203,0,5.6,0,9.26,-130.5,89,89,0.36,1.46,0.16,0.44,26.008,9.5,9.3,0,9.3,6,89.8,7.28,-1.347,-0.95,,
10/29/2015,11:42:55,0,site_051915_124203,0,5.6,0,9.26,-130.5,88.9,88.9,0.36,1.44,0.16,0.44,26.011,9.5,9.3,0,9.3,6,89.8,7.28,-1.347,-0.95,,
10/29/2015,11:42:57,0,site_051915_124203,0,5.6,0,9.26,-130.5,88.8,88.8,0.36,1.42,0.16,0.44,26.015,9.5,9.4,0,9.3,6,89.8,7.28,-1.347,-0.95,,
10/29/2015,11:42:59,0,site_051915_124203,0,5.6,0,9.26,-130.6,88.6,88.6,0.37,1.47,0.16,0.46,26.018,9.6,9.5,0,9.4,6,89.8,7.28,-1.347,-0.95,,
10/29/2015,11:43:01,0,site_051915_124203,0,5.6,0,9.26,-130.6,88.5,88.5,0.37,1.46,0.15,0.43,26.022,9.7,9.5,0,9.5,6,89.8,7.28,-1.347,-0.95,,
10/29/2015,11:43:03,0,site_051915_124203,0,5.6,0,9.26,-130.6,88.4,88.4,0.37,1.47,0.16,0.44,26.025,9.7,9.5,0,9.5,6,89.8,7.28,-1.347,-0.95,,
10/29/2015,11:43:05,0,site_051915_124203,0,5.6,0,9.26,-130.6,88.3,88.3,0.37,1.48,0.15,0.43,26.029,9.6,9.4,0,9.4,6,89.8,7.28,-1.347,-0.95,,
10/29/2015,11:43:07,0,site_051915_124203,0,5.6,0,9.26,-130.6,88.1,88.1,0.37,1.5,0.16,0.45,26.032,9.5,9.4,0,9.3,6,89.8,7.28,-1.347,-0.95,,
10/29/2015,11:43:09,0,site_051915_124203,0,5.6,0,9.26,-130.7,88,88,0.38,1.51,0.17,0.48,26.036,9.5,9.3,0,9.3,6,89.8,7.28,-1.347,-0.95,,
10/29/2015,11:43:11,0,site_051915_124203,0,5.6,0,9.26,-130.7,87.9,87.9,0.38,1.5,0.18,0.49,26.039,9.4,9.2,0,9.2,6,89.8,7.28,-1.347,-0.95,,
10/29/2015,11:43:13,0,site_051915_124203,0,5.6,0,9.26,-130.7,87.8,87.8,0.38,1.51,0.17,0.49,26.043,9.3,9.1,0,9.1,6,89.8,7.28,-1.347,-0.95,,
10/29/2015,11:43:15,0,site_051915_124203,0,5.6,0,9.26,-130.7,87.7,87.7,0.38,1.5,0.18,0.5,26.046,9.2,9,0,9,6,89.8,7.28,-1.347,-0.95,,
10/29/2015,11:43:17,0,site_051915_124203,0,5.6,0,9.26,-130.7,87.6,87.6,0.38,1.5,0.18,0.49,26.05,9.3,9.1,0,9.1,6,89.8,7.28,-1.347,-0.95,,
10/29/2015,11:43:19,0,site_051915_124203,0,5.6,0,9.26,-130.7,87.5,87.5,0.37,1.49,0.18,0.49,26.053,9.3,9.1,0,9.1,6,89.8,7.28,-1.347,-0.95,,
10/29/2015,11:43:21,0,site_051915_124203,0,5.6,0,9.26,-130.8,87.4,87.4,0.38,1.51,0.17,0.47,26.057,9.3,9.1,0,9.1,6,89.8,7.28,-1.347,-0.95,,
10/29/2015,11:43:23,0,site_051915_124203,0,5.6,0,9.26,-130.8,87.3,87.3,0.4,1.58,0.16,0.46,26.061,9.3,9.1,0,9.1,6,89.8,7.28,-1.347,-0.95,,
10/29/2015,11:43:25,0,site_051915_124203,0,5.6,0,9.26,-130.8,87.2,87.2,0.39,1.55,0.16,0.45,26.065,9.2,9,0,9,6,89.8,7.28,-1.347,-0.95,,
10/29/2015,11:43:27,0,site_051915_124203,0,5.6,0,9.26,-130.8,87.1,87.1,0.4,1.59,0.16,0.44,26.068,9.1,8.9,0,8.9,6,89.8,7.28,-1.347,-0.95,,
10/29/2015,11:43:29,0,site_051915_124203,0,5.6,0,9.26,-130.8,87,87,0.39,1.57,0.15,0.43,26.072,9,8.9,0,8.8,6,89.8,7.28,-1.347,-0.95,,
10/29/2015,11:43:31,0,site_051915_124203,0,5.6,0,9.26,-130.8,86.8,86.8,0.39,1.56,0.15,0.42,26.076,9,8.8,0,8.8,6,89.8,7.28,-1.347,-0.95,,
10/29/2015,11:43:33,0,site_051915_124203,0,5.6,0,9.26,-130.8,86.7,86.7,0.38,1.53,0.14,0.39,26.08,8.9,8.8,0,8.7,6,89.8,7.27,-1.347,-0.95,,
10/29/2015,11:43:35,0,site_051915_124203,0,5.6,0,9.26,-130.8,86.6,86.6,0.38,1.52,0.14,0.38,26.083,8.9,8.7,0,8.7,6,89.8,7.27,-1.347,-0.95,,
10/29/2015,11:43:37,0,site_051915_124203,0,5.6,0,9.26,-130.9,86.5,86.5,0.37,1.47,0.13,0.36,26.087,8.9,8.7,0,8.7,6,89.8,7.27,-1.347,-0.95,,
10/29/2015,11:43:39,0,site_051915_124203,0,5.6,0,9.26,-130.9,86.4,86.4,0.36,1.45,0.14,0.38,26.09,9,8.8,0,8.8,6,89.8,7.27,-1.347,-0.95,,
10/29/2015,11:43:41,0,site_051915_124203,0,5.6,0,9.26,-130.9,86.3,86.3,0.35,1.41,0.15,0.42,26.094,8.9,8.8,0,8.7,6,89.8,7.27,-1.347,-0.95,,
10/29/2015,11:43:43,0,site_051915_124203,0,5.9,11.5,9.26,-130.9,86.2,86.2,0.35,1.41,0.16,0.44,26.098,8.9,8.7,0,8.7,6,89.8,7.27,-1.347,-0.95,,
10/29/2015,11:43:45,0,site_051915_124203,0,5.9,11.5,9.26,-130.9,86.1,86.1,0.35,1.42,0.16,0.46,26.101,8.9,8.7,0,8.7,6,89.8,7.27,-1.347,-0.95,,
10/29/2015,11:43:47,0,site_051915_124203,0,5.9,11.5,9.26,-130.9,86,86,0.36,1.45,0.17,0.48,26.105,8.8,8.6,0,8.6,6,89.8,7.27,-1.347,-0.95,,
10/29/2015,11:43:49,0,site_051915_124203,0,5.9,11.5,9.26,-130.9,85.9,85.9,0.37,1.48,0.18,0.49,26.109,8.7,8.6,0,8.5,6,89.8,7.27,-1.347,-0.95,,
10/29/2015,11:43:51,0,site_051915_124203,0,5.9,11.5,9.26,-130.9,85.8,85.8,0.39,1.55,0.18,0.5,26.112,8.6,8.5,0,8.4,6,89.8,7.27,-1.347,-0.95,,
10/29/2015,11:43:53,0,site_051915_124203,0,5.9,11.5,9.26,-130.9,85.8,85.8,0.39,1.57,0.19,0.52,26.116,8.6,8.4,0,8.4,5,89.8,7.27,-1.347,-0.95,,
10/29/2015,11:43:55,0,site_051915_124203,0,5.9,11.5,9.26,-130.9,85.7,85.7,0.38,1.53,0.17,0.49,26.12,8.6,8.5,0,8.4,5,89.8,7.27,-1.347,-0.95,,
10/29/2015,11:43:57,0,site_051915_124203,0,5.9,11.5,9.26,-130.9,85.6,85.6,0.39,1.57,0.17,0.47,26.124,8.6,8.4,0,8.4,5,89.8,7.27,-1.347,-0.95,,
10/29/2015,11:43:59,0,site_051915_124203,0,5.9,11.5,9.26,-130.9,85.5,85.5,0.38,1.53,0.16,0.44,26.127,8.6,8.4,0,8.4,5,89.8,7.27,-1.347,-0.95,,
10/29/2015,11:44:01,0,site_051915_124203,0,5.9,11.5,9.26,-131,85.4,85.4,0.37,1.48,0.15,0.43,26.131,8.5,8.4,0,8.3,5,89.8,7.27,-1.347,-0.95,,
10/29/2015,11:44:03,0,site_051915_124203,0,5.9,11.5,9.26,-131,85.3,85.3,0.37,1.49,0.13,0.36,26.135,8.5,8.3,0,8.3,5,89.8,7.27,-1.347,-0.95,,
10/29/2015,11:44:05,0,site_051915_124203,0,5.9,11.5,9.26,-131,85.2,85.2,0.37,1.48,0.13,0.37,26.139,8.5,8.3,0,8.3,5,89.8,7.27,-1.347,-0.95,,
10/29/2015,11:44:07,0,site_051915_124203,0,5.9,11.5,9.26,-131,85.1,85.1,0.38,1.52,0.13,0.36,26.143,8.5,8.3,0,8.3,5,89.8,7.26,-1.347,-0.95,,
10/29/2015,11:44:09,0,site_051915_124203,0,5.9,11.5,9.26,-131,85.1,85.1,0.38,1.53,0.13,0.37,26.146,8.4,8.3,0,8.2,5,89.8,7.26,-1.347,-0.95,,
10/29/2015,11:44:11,0,site_051915_124203,0,5.9,11.5,9.26,-131,85,85,0.39,1.55,0.13,0.36,26.15,8.4,8.3,0,8.2,5,89.8,7.26,-1.347,-0.95,,
10/29/2015,11:44:13,0,site_051915_124203,0,5.9,11.5,9.26,-131,84.9,84.9,0.4,1.6,0.14,0.39,26.154,8.4,8.2,0,8.2,5,89.8,7.26,-1.347,-0.95,,
10/29/2015,11:44:15,0,site_051915_124203,0,5.9,11.5,9.26,-131,84.8,84.8,0.4,1.59,0.14,0.4,26.158,8.4,8.2,0,8.2,5,89.8,7.26,-1.347,-0.95,,
10/29/2015,11:44:17,0,site_051915_124203,0,5.9,11.5,9.26,-131,84.7,84.7,0.39,1.58,0.15,0.43,26.161,8.4,8.2,0,8.2,5,89.8,7.26,-1.347,-0.95,,
10/29/2015,11:44:19,0,site_051915_124203,0,5.9,11.5,9.26,-131,84.6,84.6,0.39,1.55,0.15,0.41,26.165,8.4,8.2,0,8.2,5,89.8,7.26,-1.347,-0.95,,
10/29/2015,11:44:21,0,site_051915_124203,0,5.9,11.5,9.26,-131,84.6,84.6,0.39,1.55,0.15,0.41,26.169,8.4,8.2,0,8.2,5,89.8,7.26,-1.347,-0.95,,
10/29/2015,11:44:23,0,site_051915_124203,0,5.9,11.5,9.26,-131,84.5,84.5,0.38,1.51,0.14,0.38,26.173,8.4,8.2,0,8.2,5,89.8,7.26,-1.347,-0.95,,
10/29/2015,11:44:25,0,site_051915_124203,0,5.9,11.5,9.26,-131,84.4,84.4,0.39,1.54,0.13,0.36,26.177,8.4,8.2,0,8.2,5,89.8,7.26,-1.347,-0.95,,
10/29/2015,11:44:27,0,site_051915_124203,0,5.9,11.5,9.26,-131,84.4,84.4,0.39,1.54,0.13,0.35,26.18,8.4,8.2,0,8.1,5,89.8,7.26,-1.347,-0.95,,
10/29/2015,11:44:29,0,site_051915_124203,0,5.9,11.5,9.26,-131,84.3,84.3,0.39,1.54,0.13,0.37,26.184,8.3,8.2,0,8.1,5,89.8,7.26,-1.347,-0.95,,
10/29/2015,11:44:31,0,site_051915_124203,0,5.9,11.5,9.26,-131,84.3,84.3,0.39,1.56,0.13,0.38,26.188,8.3,8.1,0,8.1,5,89.8,7.26,-1.347,-0.95,,
10/29/2015,11:44:33,0,site_051915_124203,0,5.9,11.5,9.26,-131.1,84.2,84.2,0.4,1.59,0.14,0.4,26.192,8.3,8.1,0,8.1,5,89.8,7.26,-1.347,-0.95,,
10/29/2015,11:44:35,0,site_051915_124203,0,5.9,11.5,9.26,-131.1,84.1,84.1,0.39,1.56,0.14,0.39,26.196,8.3,8.1,0,8.1,5,89.8,7.26,-1.347,-0.95,,
10/29/2015,11:44:37,0,site_051915_124203,0,5.9,11.5,9.26,-131.1,84,84,0.39,1.55,0.14,0.39,26.2,8.3,8.1,0,8.1,5,89.8,7.26,-1.347,-0.95,,
10/29/2015,11:44:39,0,site_051915_124203,0,5.9,11.5,9.26,-131.1,84,84,0.4,1.58,0.14,0.4,26.203,8.3,8.1,0,8.1,5,89.8,7.26,-1.347,-0.95,,
10/29/2015,11:44:41,0,site_051915_124203,0,5.9,11.5,9.26,-131.1,83.9,83.9,0.39,1.57,0.15,0.43,26.207,8.3,8.1,0,8.1,5,89.8,7.26,-1.347,-0.95,,
10/29/2015,11:44:43,0,site_051915_124203,0,5.9,11.5,9.26,-131.1,83.8,83.8,0.39,1.54,0.17,0.47,26.211,8.3,8.1,0,8,5,89.8,7.26,-1.347,-0.95,,
10/29/2015,11:44:45,0,site_051915_124203,0,5.9,11.5,9.26,-131.1,83.8,83.8,0.38,1.53,0.17,0.47,26.214,8.2,8.1,0,8,5,89.8,7.26,-1.347,-0.95,,
10/29/2015,11:44:47,0,site_051915_124203,0,5.9,11.5,9.26,-131.1,83.7,83.7,0.39,1.55,0.17,0.48,26.218,8.2,8,0,8,5,89.8,7.26,-1.347,-0.95,,
10/29/2015,11:44:49,0,site_051915_124203,0,5.9,11.5,9.26,-131.1,83.6,83.6,0.38,1.53,0.16,0.44,26.222,8.2,8,0,8,5,89.8,7.26,-1.347,-0.95,,
10/29/2015,11:44:51,0,site_051915_124203,0,5.9,11.5,9.26,-131.1,83.5,83.5,0.38,1.51,0.16,0.45,26.226,8.2,8,0,8,5,89.8,7.26,-1.347,-0.95,,
10/29/2015,11:44:53,0,site_051915_124203,0,5.9,11.5,9.26,-131.1,83.5,83.5,0.37,1.49,0.16,0.44,26.229,8.2,8,0,8,5,89.8,7.25,-1.347,-0.95,,
10/29/2015,11:44:55,0,site_051915_124203,0,5.9,11.5,9.26,-131.1,83.4,83.4,0.38,1.51,0.17,0.47,26.233,8.2,8,0,8,5,89.8,7.25,-1.347,-0.95,,
10/29/2015,11:44:57,0,site_051915_124203,0,5.9,11.5,9.26,-131.1,83.4,83.4,0.37,1.48,0.16,0.45,26.237,8.2,8,0,8,5,89.8,7.25,-1.347,-0.95,,
10/29/2015,11:44:59,0,site_051915_124203,0,5.9,11.5,9.26,-131.1,83.3,83.3,0.38,1.5,0.16,0.44,26.24,8.2,8,0,8,5,89.8,7.25,-1.347,-0.95,,
10/29/2015,11:45:01,0,site_051915_124203,0,5.9,11.5,9.26,-131.1,83.3,83.3,0.37,1.48,0.15,0.43,26.244,8.2,8,0,8,5,89.8,7.25,-1.347,-0.95,,
10/29/2015,11:45:03,0,site_051915_124203,0,6,11.5,9.27,-131.1,83.2,83.2,0.37,1.5,0.15,0.43,26.248,8.2,8,0,8,5,89.8,7.25,-1.347,-0.95,,
10/29/2015,11:45:05,0,site_051915_124203,0,6,11.5,9.27,-131.1,83.1,83.1,0.38,1.5,0.15,0.41,26.251,8.2,8,0,7.9,5,89.8,7.25,-1.347,-0.95,,
10/29/2015,11:45:07,0,site_051915_124203,0,6,11.5,9.27,-131.1,83.1,83.1,0.36,1.46,0.15,0.41,26.255,8.1,8,0,7.9,5,89.8,7.25,-1.347,-0.95,,
10/29/2015,11:45:09,0,site_051915_124203,0,6,11.5,9.27,-131.1,83.1,83.1,0.37,1.48,0.14,0.39,26.259,8.1,7.9,0,7.9,5,89.8,7.25,-1.347,-0.95,,
10/29/2015,11:45:11,0,site_051915_124203,0,6,11.5,9.27,-131.1,83,83,0.38,1.53,0.14,0.4,26.262,8.1,7.9,0,7.9,5,89.8,7.25,-1.347,-0.95,,
10/29/2015,11:45:13,0,site_051915_124203,0,6,11.5,9.27,-131.1,83,83,0.38,1.53,0.14,0.4,26.266,8.1,7.9,0,7.9,5,89.8,7.25,-1.347,-0.95,,
10/29/2015,11:45:15,0,site_051915_124203,0,6,11.5,9.27,-131.1,82.9,82.9,0.39,1.54,0.14,0.38,26.27,8.1,7.9,0,7.9,5,89.8,7.25,-1.347,-0.95,,
10/29/2015,11:45:17,0,site_051915_124203,0,6,11.5,9.27,-131.1,82.9,82.9,0.39,1.54,0.14,0.4,26.273,8.1,7.9,0,7.9,5,89.8,7.25,-1.347,-0.95,,
10/29/2015,11:45:19,0,site_051915_124203,0,6,11.5,9.27,-131.1,82.9,82.9,0.38,1.53,0.15,0.43,26.277,8.1,7.9,0,7.9,5,89.8,7.25,-1.347,-0.95,,
10/29/2015,11:45:21,0,site_051915_124203,0,6,11.5,9.27,-131.1,82.8,82.8,0.38,1.51,0.15,0.42,26.281,8.1,7.9,0,7.9,5,89.8,7.25,-1.347,-0.95,,
10/29/2015,11:45:23,0,site_051915_124203,0,6,11.5,9.27,-131.1,82.8,82.8,0.38,1.51,0.15,0.41,26.284,8.1,7.9,0,7.8,5,89.8,7.25,-1.347,-0.95,,
10/29/2015,11:45:25,0,site_051915_124203,0,6,11.5,9.27,-131.1,82.7,82.7,0.39,1.55,0.16,0.44,26.288,8,7.8,0,7.8,5,89.8,7.25,-1.347,-0.95,,
10/29/2015,11:45:27,0,site_051915_124203,0,6,11.5,9.27,-131.1,82.7,82.7,0.38,1.51,0.16,0.45,26.292,8,7.8,0,7.8,5,89.8,7.25,-1.347,-0.95,,
,,,,,,,,,,,,,,,,,,,,,,,,,,
,,,,,,,,,,,,,,,,,,,,,,,,,,
,,,,,,,,,,,,,,,,,,,,,,,,,,
,,,,,,,,,,,,,,,,,,,,,,,,,,
,,,,,,,,,,,,,,,,,,,,,,,,,,
,,,,,,,,,,,,,,,,,,,,,,,,,,
,,,,,,,,,,,,,,,,,,,,,,,,,,
,,,,,,,,,,,,,,,,,,,,,,,,,,
,,,,,,,,,,,,,,,,,,,,,,,,,,
,,,,,,,,,,,,,,,,,,,,,,,,,,
,,,,,,,,,,,,,,,,,,,,,,,,,,
