KorEXO MEASUREMENT DATA FILE EXPORT,,,,,,,,,,,,,,,,,,,,,,,,,,
,,,,,,,,,,,,,,,,,,,,,,,,,,
FILE CREATED:,3/21/2019 9:06,,,,,,,,,,,,,,,,,,,,,,,,,
,,,,,,,,,,,,,,,,,,,,,,,,,,
,,,MEAN VALUE:,-0.21,-0.86,628.8,45.946,611.3,65.1,65.1,5.2,-104.2,65.171,0.3,613,-1.91,-5.35,398,1.98,48,NA,-606.6,26.181,46.004,4.97,0
,,,STANDARD DEVIATION:,0.36,1.44,196,33.73,190.2,35.8,35.8,2.81,29.3,47.859,0.09,190.7,0.73,2.05,124,8.56,154,NaN,0,1.46,33.733,0.02,0
,,,,,,,,,,,,,,,,,,,,,,,,,,
,,,SENSOR SERIAL NUMBER:,15C104484,15C104484,15C104434,15D101235,15C104434,15C105023,15C105023,15C105023,15D101913,15D101235,15C104434,15C104434,15C104484,15C104484,15C104434,15E100285,15E100285,15D101913,15D101913,15C104434,15D101235,15D101940,15D101940
Date (MM/DD/YYYY),Time (HH:MM:SS),Time (Fract. Sec),Site Name,Chlorophyll RFU,Chlorophyll ug/L,Cond µS/cm,Depth m,nLF Cond µS/cm,ODO % sat,ODO % local,ODO mg/L,ORP mV,Pressure psi a,Sal psu,SpCond µS/cm,BGA PC RFU,BGA PC ug/L,TDS mg/L,Turbidity FNU,TSS mg/L,pH,pH mV,Temp °C,Vertical Position m,Battery V,Cable Pwr V
3/21/2019,11:36:31,0,Default Site,0.41,1.62,6.4,-1.067,6.5,97.7,97.7,8.21,-20.4,-1.513,0,6.5,0.2,0.57,4,30.28,579,NaN,-606.6,24.095,-1.066,4.9,0
3/21/2019,11:36:33,0,Default Site,0.37,1.47,6.4,-1.067,6.5,97.7,97.7,8.21,-20.7,-1.513,0,6.5,0.26,0.72,4,28.77,523,NaN,-606.6,24.107,-1.067,4.9,0
3/21/2019,11:36:35,0,Default Site,0.41,1.63,6.4,-1.066,6.5,97.6,97.6,8.2,-20.8,-1.512,0,6.5,0.26,0.72,4,28.6,517,NaN,-606.6,24.105,-1.066,4.9,0
3/21/2019,11:36:37,0,Default Site,0.42,1.67,6.4,-1.065,6.5,97.5,97.5,8.2,-20.8,-1.51,0,6.5,0.2,0.57,4,27.89,492,NaN,-606.6,24.061,-1.064,4.9,0
3/21/2019,11:36:39,0,Default Site,0.38,1.51,6.5,-1.066,6.6,97.8,97.8,8.22,-21.2,-1.511,0,6.6,0.29,0.81,4,28.34,508,NaN,-606.6,24.044,-1.066,4.9,0
3/21/2019,11:36:41,0,Default Site,0.35,1.4,6.4,-1.066,6.5,97.8,97.8,8.23,-21.1,-1.511,0,6.5,0.22,0.62,4,28.08,498,NaN,-606.6,24.055,-1.065,4.94,0
3/21/2019,11:36:43,0,Default Site,0.38,1.53,6.4,-1.065,6.5,97.8,97.8,8.22,-21.2,-1.511,0,6.5,0.16,0.45,4,28.66,519,NaN,-606.6,24.08,-1.064,4.94,0
3/21/2019,11:36:45,0,Default Site,0.57,2.28,6.4,-1.066,6.5,97.8,97.8,8.22,-21.6,-1.512,0,6.5,1.09,3.06,4,28.64,518,NaN,-606.6,24.087,-1.066,4.94,0
3/21/2019,11:36:47,0,Default Site,1.01,4.02,6.3,-1.066,6.4,97.8,97.8,8.22,-21,-1.511,0,6.4,0.53,1.49,4,28.56,516,NaN,-606.6,24.067,-1.064,4.94,0
3/21/2019,11:36:49,0,Default Site,0.43,1.71,7.3,-1.065,7.4,97.9,97.9,8.23,-21,-1.51,0,7.4,0.27,0.75,5,29.25,540,NaN,-606.6,24.105,-1.065,4.94,0
3/21/2019,11:36:51,0,Default Site,0.37,1.48,7.5,-1.066,7.6,98.1,98.1,8.23,-21.4,-1.511,0,7.6,0.26,0.72,5,30.29,579,NaN,-606.6,24.242,-1.065,4.92,0
3/21/2019,11:36:53,0,Default Site,0.38,1.53,7.4,-1.065,7.6,97.9,97.9,8.2,-21.3,-1.511,0,7.5,0.3,0.85,5,29.72,558,NaN,-606.6,24.271,-1.065,4.92,0
3/21/2019,11:36:55,0,Default Site,0.35,1.39,7.2,-1.064,7.4,97.8,97.8,8.19,-21.8,-1.509,0,7.3,0.28,0.79,5,29.63,554,NaN,-606.6,24.277,-1.065,4.92,0
3/21/2019,11:36:57,0,Default Site,0.47,1.9,7.2,-1.065,7.3,97.8,97.8,8.19,-22,-1.51,0,7.3,0.28,0.79,5,29.57,552,NaN,-606.6,24.319,-1.064,4.92,0
3/21/2019,11:36:59,0,Default Site,0.37,1.49,7.1,-1.065,7.2,97.8,97.8,8.19,-22.1,-1.51,0,7.2,0.31,0.88,5,29.76,559,NaN,-606.6,24.336,-1.065,4.92,0
3/21/2019,11:37:01,0,Default Site,0.4,1.59,7,-1.066,7.1,97.8,97.8,8.18,-22.3,-1.511,0,7.1,0.26,0.72,5,30.09,571,NaN,-606.6,24.386,-1.066,4.94,0
3/21/2019,11:37:03,0,Default Site,0.39,1.58,7,-1.065,7.1,97.9,97.9,8.18,-22.5,-1.511,0,7,0.19,0.52,5,30.41,584,NaN,-606.6,24.412,-1.066,4.94,0
3/21/2019,11:37:05,0,Default Site,0.38,1.51,6.9,-1.065,7,97.8,97.8,8.17,-22.8,-1.511,0,7,0.17,0.46,5,30.75,596,NaN,-606.6,24.425,-1.066,4.94,0
3/21/2019,11:37:07,0,Default Site,0.4,1.59,6.8,-1.066,6.9,97.8,97.8,8.17,-23.1,-1.512,0,6.9,0.25,0.69,4,29.58,552,NaN,-606.6,24.449,-1.065,4.94,0
3/21/2019,11:37:09,0,Default Site,0.36,1.44,6.8,-1.065,6.8,97.9,97.9,8.18,-23.1,-1.511,0,6.8,0.3,0.83,4,29.97,567,NaN,-606.6,24.467,-1.065,4.94,0
3/21/2019,11:37:11,0,Default Site,0.39,1.55,6.7,-1.065,6.8,97.9,97.9,8.17,-23.5,-1.511,0,6.8,0.23,0.64,4,29.44,547,NaN,-606.6,24.492,-1.066,4.96,0
3/21/2019,11:37:13,0,Default Site,0.34,1.36,6.7,-1.065,6.8,97.9,97.9,8.17,-23.8,-1.511,0,6.8,0.31,0.88,4,29.25,540,NaN,-606.6,24.515,-1.065,4.96,0
3/21/2019,11:37:15,0,Default Site,0.37,1.47,6.7,-1.066,6.7,97.9,97.9,8.16,-23.9,-1.512,0,6.7,0.29,0.83,4,28.23,504,NaN,-606.6,24.535,-1.065,4.96,0
3/21/2019,11:37:17,0,Default Site,0.3,1.21,6.7,-1.065,6.7,97.9,97.9,8.16,-24,-1.511,0,6.7,0.47,1.32,4,29.05,533,NaN,-606.6,24.538,-1.064,4.96,0
3/21/2019,11:37:19,0,Default Site,0.43,1.73,6.6,-1.065,6.7,98.1,98.1,8.18,-24.2,-1.511,0,6.7,0.37,1.03,4,29.32,543,NaN,-606.6,24.576,-1.065,4.96,0
3/21/2019,11:37:21,0,Default Site,0.42,1.7,6.6,-1.065,6.7,98,98,8.16,-24.2,-1.511,0,6.7,0.33,0.92,4,28.08,498,NaN,-606.6,24.596,-1.064,4.94,0
3/21/2019,11:37:23,0,Default Site,2.83,11.32,6.5,-1.064,6.5,98,98,8.17,-24.1,-1.509,0,6.5,1.82,5.11,4,27.43,476,NaN,-606.6,24.499,-1.064,4.94,0
3/21/2019,11:37:25,0,Default Site,3.68,14.72,659.3,-1.037,615.2,106.5,106.5,8.89,-69,-1.471,0.3,619.5,-0.28,-0.78,403,-0.61,0,NaN,-606.6,28.362,-0.964,4.94,0
3/21/2019,11:37:27,0,Default Site,-0.33,-1.32,713.6,-0.848,664,102.1,102.1,7.92,-76.8,-1.201,0.32,668.9,-2.12,-5.94,435,-0.37,0,NaN,-606.6,28.501,-0.832,4.94,0
3/21/2019,11:37:29,0,Default Site,-0.31,-1.25,713.8,-0.678,663.9,102.4,102.4,7.93,-80.4,-0.961,0.32,668.8,-2.07,-5.8,435,-0.75,0,NaN,-606.6,28.521,-0.689,4.94,0
3/21/2019,11:37:31,0,Default Site,-0.34,-1.35,713.2,-0.643,663.3,102.7,102.7,7.95,-84,-0.911,0.32,668.2,-2.12,-5.92,434,-0.6,0,NaN,-606.6,28.524,-0.593,4.96,0
3/21/2019,11:37:33,0,Default Site,-0.35,-1.42,713.7,-0.535,663.6,102.8,102.8,7.95,-84.7,-0.758,0.32,668.5,-2.11,-5.92,435,-0.75,0,NaN,-606.6,28.539,-0.543,4.96,0
3/21/2019,11:37:35,0,Default Site,-0.34,-1.38,713.4,-0.396,663.3,102.6,102.6,7.94,-84.7,-0.561,0.32,668.2,-2.16,-6.04,434,-0.68,0,NaN,-606.6,28.54,-0.3,4.96,0
3/21/2019,11:37:37,0,Default Site,-0.33,-1.33,712.6,0.053,663.8,102.5,102.5,7.94,-84.4,0.075,0.32,668.6,-2.12,-5.93,435,-0.71,0,NaN,-606.6,28.443,0.122,4.96,0
3/21/2019,11:37:39,0,Default Site,-0.37,-1.48,709.8,0.25,663.6,102.1,102.1,7.93,-84.5,0.354,0.32,668.1,-2.09,-5.85,434,-0.79,0,NaN,-606.6,28.264,0.302,4.96,0
3/21/2019,11:37:41,0,Default Site,-0.38,-1.53,707.6,0.526,663.8,101.8,101.8,7.94,-84.7,0.746,0.32,668,-2.15,-6.03,434,-0.63,0,NaN,-606.6,28.102,0.528,4.97,0
3/21/2019,11:37:43,0,Default Site,-0.35,-1.39,706.6,0.716,663.5,101.8,101.8,7.94,-85,1.014,0.32,667.7,-2.12,-5.93,434,-0.72,0,NaN,-606.6,28.052,0.84,4.97,0
3/21/2019,11:37:45,0,Default Site,-0.35,-1.39,705.8,1.035,663.3,101.5,101.5,7.93,-85.4,1.467,0.32,667.5,-2.15,-6.01,434,-0.75,0,NaN,-606.6,28.003,1.083,4.97,0
3/21/2019,11:37:47,0,Default Site,-0.29,-1.17,705.6,1.265,663.3,101.3,101.3,7.91,-86,1.793,0.32,667.4,-2.1,-5.87,434,-0.74,0,NaN,-606.6,27.995,1.322,4.97,0
3/21/2019,11:37:49,0,Default Site,-0.32,-1.28,705.4,1.447,663.3,101,101,7.9,-86.6,2.05,0.32,667.4,-2.11,-5.91,434,-0.71,0,NaN,-606.6,27.981,1.517,4.97,0
3/21/2019,11:37:51,0,Default Site,-0.33,-1.33,705.3,1.76,663.4,100.8,100.8,7.88,-86.9,2.494,0.32,667.5,-2.16,-6.04,434,-0.66,0,NaN,-606.6,27.965,1.758,4.97,0
3/21/2019,11:37:53,0,Default Site,-0.39,-1.54,705.3,2.085,663.5,100.6,100.6,7.87,-87.3,2.955,0.32,667.6,-2.11,-5.91,434,-0.76,0,NaN,-606.6,27.958,2.199,4.97,0
3/21/2019,11:37:55,0,Default Site,-0.33,-1.34,705.2,2.42,663.5,100.4,100.4,7.85,-87.9,3.43,0.32,667.6,-2.07,-5.79,434,-0.72,0,NaN,-606.6,27.95,2.477,4.97,0
3/21/2019,11:37:57,0,Default Site,-0.32,-1.27,705.1,2.679,663.4,100.2,100.2,7.84,-88.5,3.797,0.32,667.5,-2.15,-6.03,434,-0.69,0,NaN,-606.6,27.947,2.728,4.97,0
3/21/2019,11:37:59,0,Default Site,-0.33,-1.32,705.2,2.939,663.6,100.1,100.1,7.83,-89.1,4.165,0.32,667.7,-2.16,-6.03,434,-0.68,0,NaN,-606.6,27.943,2.966,4.97,0
3/21/2019,11:38:01,0,Default Site,-0.29,-1.18,704.9,3.135,663.4,100,100,7.82,-89.7,4.444,0.32,667.5,-2.11,-5.9,434,-0.74,0,NaN,-606.6,27.938,3.156,4.97,0
3/21/2019,11:38:03,0,Default Site,-0.34,-1.38,704.8,3.261,663.4,99.9,99.9,7.81,-90.3,4.621,0.32,667.4,-2.17,-6.07,434,-0.72,0,NaN,-606.6,27.936,3.236,4.97,0
3/21/2019,11:38:05,0,Default Site,-0.32,-1.28,704.8,3.375,663.4,99.8,99.8,7.81,-90.8,4.784,0.32,667.4,-2.17,-6.06,434,-0.76,0,NaN,-606.6,27.933,3.401,4.97,0
3/21/2019,11:38:07,0,Default Site,-0.33,-1.31,704.8,3.409,663.4,99.7,99.7,7.8,-91.2,4.832,0.32,667.4,-2.16,-6.04,434,-0.64,0,NaN,-606.6,27.932,3.58,4.97,0
3/21/2019,11:38:09,0,Default Site,-0.29,-1.16,705,4.226,663.6,99.6,99.6,7.79,-91.6,5.989,0.32,667.7,-2.14,-6,434,-0.76,0,NaN,-606.6,27.925,4.238,4.97,0
3/21/2019,11:38:11,0,Default Site,-0.35,-1.38,704.7,4.368,663.5,99.6,99.6,7.79,-92,6.19,0.32,667.5,-2.07,-5.79,434,-0.78,0,NaN,-606.6,27.923,4.354,4.96,0
3/21/2019,11:38:13,0,Default Site,-0.33,-1.34,704.8,4.399,663.6,99.5,99.5,7.79,-92.6,6.235,0.32,667.6,-2.12,-5.94,434,-0.77,0,NaN,-606.6,27.921,4.503,4.96,0
3/21/2019,11:38:15,0,Default Site,-0.33,-1.32,704.7,4.771,663.5,99.4,99.4,7.78,-93,6.762,0.32,667.5,-2.15,-6.02,434,-0.69,0,NaN,-606.6,27.917,4.751,4.96,0
3/21/2019,11:38:17,0,Default Site,-0.29,-1.16,704.8,4.959,663.6,99.3,99.3,7.78,-93.4,7.029,0.32,667.6,-2.21,-6.18,434,-0.68,0,NaN,-606.6,27.917,5.035,4.96,0
3/21/2019,11:38:19,0,Default Site,-0.33,-1.33,704.9,5.075,663.7,99.4,99.4,7.78,-94.1,7.194,0.32,667.7,-2.17,-6.06,434,-0.76,0,NaN,-606.6,27.915,5.07,4.96,0
3/21/2019,11:38:21,0,Default Site,-0.25,-1,704.8,5.298,663.6,99.3,99.3,7.77,-94.5,7.509,0.32,667.6,-2.08,-5.82,434,-0.72,0,NaN,-606.6,27.915,5.297,4.92,0
3/21/2019,11:38:23,0,Default Site,-0.34,-1.37,704.7,5.415,663.5,99.3,99.3,7.77,-94.9,7.675,0.32,667.5,-2.14,-6,434,-0.71,0,NaN,-606.6,27.915,5.456,4.92,0
3/21/2019,11:38:25,0,Default Site,-0.3,-1.18,704.9,5.62,663.7,99.2,99.2,7.77,-95.4,7.966,0.32,667.7,-2.11,-5.92,434,-0.83,0,NaN,-606.6,27.913,5.684,4.92,0
3/21/2019,11:38:27,0,Default Site,-0.3,-1.18,704.6,5.773,663.5,99.2,99.2,7.76,-95.7,8.183,0.32,667.5,-2.15,-6.03,434,-0.67,0,NaN,-606.6,27.911,5.793,4.92,0
3/21/2019,11:38:29,0,Default Site,-0.33,-1.33,704.6,6.127,663.5,99.2,99.2,7.76,-96,8.684,0.32,667.5,-2.18,-6.1,434,-0.7,0,NaN,-606.6,27.909,6.175,4.92,0
3/21/2019,11:38:31,0,Default Site,-0.27,-1.06,704.6,6.487,663.6,99.2,99.2,7.76,-96.4,9.194,0.32,667.6,-2.19,-6.13,434,-0.67,0,NaN,-606.6,27.908,6.635,4.97,0
3/21/2019,11:38:33,0,Default Site,-0.36,-1.43,704.4,7.153,663.4,99,99,7.75,-96.4,10.139,0.32,667.4,-2.15,-6.03,434,-0.79,0,NaN,-606.6,27.905,7.167,4.97,0
3/21/2019,11:38:35,0,Default Site,-0.35,-1.41,704.4,7.313,663.4,99,99,7.75,-96.8,10.365,0.32,667.4,-2.1,-5.87,434,-0.81,0,NaN,-606.6,27.903,7.443,4.97,0
3/21/2019,11:38:37,0,Default Site,-0.3,-1.2,704.4,8.045,663.5,99,99,7.75,-96.9,11.403,0.32,667.5,-2.18,-6.1,434,-0.71,0,NaN,-606.6,27.898,8.057,4.97,0
3/21/2019,11:38:39,0,Default Site,-0.33,-1.34,704.4,8.395,663.5,98.9,98.9,7.74,-96.9,11.898,0.32,667.4,-2.16,-6.06,434,-0.67,0,NaN,-606.6,27.898,8.601,4.97,0
3/21/2019,11:38:41,0,Default Site,-0.31,-1.22,704.6,9.256,663.6,98.9,98.9,7.74,-97,13.119,0.32,667.6,-2.2,-6.17,434,-0.67,0,NaN,-606.6,27.896,9.316,4.98,0
3/21/2019,11:38:43,0,Default Site,-0.31,-1.22,704.5,9.642,663.6,98.8,98.8,7.73,-97.5,13.666,0.32,667.6,-2.14,-6,434,-0.77,0,NaN,-606.6,27.895,9.702,4.98,0
3/21/2019,11:38:45,0,Default Site,-0.3,-1.18,704.3,10.142,663.5,98.7,98.7,7.73,-97.8,14.375,0.32,667.4,-2.26,-6.32,434,-0.7,0,NaN,-606.6,27.893,10.278,4.98,0
3/21/2019,11:38:47,0,Default Site,-0.3,-1.19,704.6,10.775,663.7,98.7,98.7,7.73,-98.1,15.271,0.32,667.7,-2.13,-5.96,434,-0.75,0,NaN,-606.6,27.891,10.877,4.98,0
3/21/2019,11:38:49,0,Default Site,-0.35,-1.39,704.3,11.362,663.5,98.6,98.6,7.72,-98.5,16.104,0.32,667.5,-2.16,-6.05,434,-0.73,0,NaN,-606.6,27.887,11.502,4.98,0
3/21/2019,11:38:51,0,Default Site,-0.31,-1.22,704.4,11.999,663.6,98.6,98.6,7.72,-98.9,17.006,0.32,667.6,-2.08,-5.82,434,-0.78,0,NaN,-606.6,27.886,12.085,4.99,0
3/21/2019,11:38:53,0,Default Site,-0.29,-1.17,704.4,12.563,663.7,98.5,98.5,7.72,-99.3,17.806,0.32,667.7,-2.13,-5.96,434,-0.79,0,NaN,-606.6,27.883,12.652,4.99,0
3/21/2019,11:38:55,0,Default Site,-0.28,-1.1,704.4,12.703,663.7,98.6,98.6,7.72,-99.7,18.005,0.32,667.7,-2.15,-6.01,434,-0.7,0,NaN,-606.6,27.88,12.785,4.99,0
3/21/2019,11:38:57,0,Default Site,-0.32,-1.27,704.3,13.252,663.7,98.4,98.4,7.71,-99.7,18.783,0.32,667.6,-2.24,-6.27,434,-0.75,0,NaN,-606.6,27.876,13.248,4.99,0
3/21/2019,11:38:59,0,Default Site,-0.31,-1.24,704.2,13.549,663.6,98.4,98.4,7.7,-99.9,19.203,0.32,667.5,-2.08,-5.82,434,-0.74,0,NaN,-606.6,27.875,13.67,4.99,0
3/21/2019,11:39:01,0,Default Site,-0.29,-1.16,704.2,13.854,663.6,98.4,98.4,7.7,-100.3,19.636,0.32,667.6,-2.18,-6.1,434,-0.77,0,NaN,-606.6,27.874,13.849,4.99,0
3/21/2019,11:39:03,0,Default Site,-0.29,-1.17,704.4,14.081,663.8,98.4,98.4,7.7,-100.7,19.958,0.32,667.8,-2.15,-6.02,434,-0.73,0,NaN,-606.6,27.875,14.086,4.99,0
3/21/2019,11:39:05,0,Default Site,-0.32,-1.27,704.1,14.231,663.5,98.4,98.4,7.7,-101,20.17,0.32,667.5,-2.27,-6.36,434,-0.75,0,NaN,-606.6,27.873,14.328,4.99,0
3/21/2019,11:39:07,0,Default Site,-0.28,-1.13,704.2,14.608,663.6,98.3,98.3,7.7,-101.3,20.705,0.32,667.5,-2.15,-6.01,434,-0.77,0,NaN,-606.6,27.872,14.655,4.99,0
3/21/2019,11:39:09,0,Default Site,-0.31,-1.26,704,15.018,663.5,98.3,98.3,7.7,-101.7,21.286,0.32,667.4,-2.2,-6.15,434,-0.78,0,NaN,-606.6,27.871,15.064,4.99,0
3/21/2019,11:39:11,0,Default Site,-0.36,-1.43,704.2,15.356,663.7,98.2,98.2,7.69,-101.9,21.765,0.32,667.6,-2.1,-5.88,434,-0.78,0,NaN,-606.6,27.868,15.452,4.98,0
3/21/2019,11:39:13,0,Default Site,-0.34,-1.36,704,15.938,663.5,98.2,98.2,7.69,-102.1,22.589,0.32,667.4,-2.18,-6.09,434,-0.71,0,NaN,-606.6,27.868,15.997,4.98,0
3/21/2019,11:39:15,0,Default Site,-0.27,-1.09,704,16.221,663.5,98.2,98.2,7.69,-102.4,22.991,0.32,667.5,-2.15,-6.02,434,-0.77,0,NaN,-606.6,27.866,16.246,4.98,0
3/21/2019,11:39:17,0,Default Site,-0.24,-0.96,703.9,16.352,663.4,98.2,98.2,7.69,-102.5,23.177,0.32,667.4,-2.22,-6.22,434,-0.8,0,NaN,-606.6,27.865,16.386,4.98,0
3/21/2019,11:39:19,0,Default Site,-0.29,-1.17,704,16.446,663.6,98.1,98.1,7.68,-102.7,23.31,0.32,667.5,-2.18,-6.09,434,-0.69,0,NaN,-606.6,27.861,16.532,4.98,0
3/21/2019,11:39:21,0,Default Site,-0.36,-1.44,703.9,16.811,663.5,98.1,98.1,7.69,-102.8,23.828,0.32,667.5,-2.09,-5.85,434,-0.69,0,NaN,-606.6,27.856,16.811,4.99,0
3/21/2019,11:39:23,0,Default Site,-0.25,-0.99,704,16.894,663.6,98.1,98.1,7.68,-102.9,23.946,0.32,667.5,-2.14,-5.98,434,-0.81,0,NaN,-606.6,27.856,16.897,4.99,0
3/21/2019,11:39:25,0,Default Site,-0.32,-1.27,704,17.003,663.7,98.1,98.1,7.69,-103.2,24.099,0.32,667.6,-2.18,-6.09,434,-0.76,0,NaN,-606.6,27.856,17.041,4.99,0
3/21/2019,11:39:27,0,Default Site,-0.31,-1.25,704,17.512,663.7,98,98,7.68,-102.6,24.821,0.32,667.7,-2.23,-6.25,434,-0.69,0,NaN,-606.6,27.852,17.611,4.99,0
3/21/2019,11:39:29,0,Default Site,-0.23,-0.91,703.8,18.254,663.6,97.9,97.9,7.67,-102.6,25.873,0.32,667.5,-2.11,-5.92,434,-0.74,0,NaN,-606.6,27.847,18.346,4.99,0
3/21/2019,11:39:31,0,Default Site,-0.33,-1.3,703.7,18.556,663.5,97.9,97.9,7.67,-102.9,26.301,0.32,667.4,-2.2,-6.16,434,-0.74,0,NaN,-606.6,27.845,18.552,4.98,0
3/21/2019,11:39:33,0,Default Site,-0.29,-1.16,703.8,18.981,663.7,97.9,97.9,7.67,-103,26.904,0.32,667.6,-2.14,-5.98,434,-0.77,0,NaN,-606.6,27.841,19.129,4.98,0
3/21/2019,11:39:35,0,Default Site,-0.31,-1.23,703.7,19.56,663.6,97.8,97.8,7.67,-103.3,27.724,0.32,667.5,-2.19,-6.12,434,-0.75,0,NaN,-606.6,27.836,19.599,4.98,0
3/21/2019,11:39:37,0,Default Site,-0.3,-1.2,703.8,19.716,663.8,97.8,97.8,7.67,-103.6,27.945,0.32,667.7,-2.12,-5.93,434,-0.74,0,NaN,-606.6,27.836,19.76,4.98,0
3/21/2019,11:39:39,0,Default Site,-0.29,-1.14,703.3,20.156,663.4,97.8,97.8,7.66,-103.7,28.569,0.32,667.3,-2.16,-6.05,434,-0.82,0,NaN,-606.6,27.83,20.177,4.98,0
3/21/2019,11:39:41,0,Default Site,-0.25,-1.01,703.5,20.377,663.6,97.8,97.8,7.66,-103.9,28.882,0.32,667.4,-2.27,-6.36,434,-0.7,0,NaN,-606.6,27.826,20.399,4.97,0
3/21/2019,11:39:43,0,Default Site,-0.27,-1.07,703.4,20.841,663.5,97.7,97.7,7.66,-104,29.54,0.32,667.4,-2.18,-6.1,434,-0.78,0,NaN,-606.6,27.823,21.066,4.97,0
3/21/2019,11:39:45,0,Default Site,-0.3,-1.2,703.5,21.656,663.7,97.6,97.6,7.65,-104,30.695,0.32,667.6,-2.14,-5.98,434,-0.65,0,NaN,-606.6,27.815,21.734,4.97,0
3/21/2019,11:39:47,0,Default Site,-0.3,-1.19,703.4,22.105,663.7,97.6,97.6,7.65,-104.1,31.331,0.32,667.6,-2.18,-6.09,434,-0.72,0,NaN,-606.6,27.81,22.083,4.97,0
3/21/2019,11:39:49,0,Default Site,-0.29,-1.16,703.3,22.288,663.7,97.6,97.6,7.65,-104.3,31.591,0.32,667.5,-2.18,-6.1,434,-0.72,0,NaN,-606.6,27.807,22.483,4.95,0
3/21/2019,11:39:51,0,Default Site,-0.28,-1.11,703.4,22.921,663.8,97.6,97.6,7.65,-104.4,32.488,0.32,667.7,-2.18,-6.11,434,-0.8,0,NaN,-606.6,27.8,22.994,4.95,0
3/21/2019,11:39:53,0,Default Site,-0.3,-1.21,703.1,23.441,663.7,97.5,97.5,7.64,-104.6,33.226,0.32,667.5,-2.21,-6.18,434,-0.71,0,NaN,-606.6,27.793,23.574,4.95,0
3/21/2019,11:39:55,0,Default Site,-0.23,-0.92,703,23.87,663.6,97.5,97.5,7.64,-104.9,33.833,0.32,667.5,-2.19,-6.12,434,-0.72,0,NaN,-606.6,27.785,23.887,4.95,0
3/21/2019,11:39:57,0,Default Site,-0.2,-0.81,702.9,24.006,663.6,97.4,97.4,7.64,-105.2,34.026,0.32,667.4,-2.2,-6.17,434,-0.63,0,NaN,-606.6,27.782,24.02,4.95,0
3/21/2019,11:39:59,0,Default Site,-0.01,-0.03,702.7,24.399,663.6,97.4,97.4,7.64,-104.8,34.583,0.32,667.4,-2.16,-6.04,434,-0.78,0,NaN,-606.6,27.77,24.633,4.95,0
3/21/2019,11:40:01,0,Default Site,-0.19,-0.75,702.6,25.257,663.7,97.2,97.2,7.63,-104.6,35.8,0.32,667.5,-2.2,-6.15,434,-0.71,0,NaN,-606.6,27.754,25.298,4.94,0
3/21/2019,11:40:03,0,Default Site,-0.28,-1.12,702.2,25.755,663.6,97.2,97.2,7.63,-104.8,36.506,0.32,667.3,-2.22,-6.22,434,-0.7,0,NaN,-606.6,27.738,25.947,4.94,0
3/21/2019,11:40:05,0,Default Site,-0.15,-0.59,701.7,26.651,663.3,97.1,97.1,7.62,-104.9,37.777,0.32,667.1,-2.15,-6.03,434,-0.84,0,NaN,-606.6,27.721,26.745,4.94,0
3/21/2019,11:40:07,0,Default Site,-0.3,-1.21,701.6,27.137,663.4,97,97,7.62,-105.1,38.465,0.32,667.1,-2.12,-5.93,434,-0.65,0,NaN,-606.6,27.711,27.274,4.94,0
3/21/2019,11:40:09,0,Default Site,-0.25,-1.02,701.6,27.744,663.5,96.9,96.9,7.61,-105.2,39.327,0.32,667.2,-2.15,-6.03,434,-0.77,0,NaN,-606.6,27.702,27.811,4.94,0
3/21/2019,11:40:11,0,Default Site,-0.33,-1.31,701.4,28.333,663.3,96.8,96.8,7.6,-105.2,40.161,0.32,667,-2.22,-6.22,434,-0.74,0,NaN,-606.6,27.697,28.528,4.98,0
3/21/2019,11:40:13,0,Default Site,-0.31,-1.22,701.5,29.016,663.4,96.7,96.7,7.6,-105.3,41.129,0.32,667.1,-2.15,-6.01,434,-0.64,0,NaN,-606.6,27.693,29.131,4.98,0
3/21/2019,11:40:15,0,Default Site,-0.24,-0.97,701.3,29.365,663.3,96.6,96.6,7.59,-105.5,41.625,0.32,667,-2.12,-5.95,434,-0.75,0,NaN,-606.6,27.693,29.424,4.98,0
3/21/2019,11:40:17,0,Default Site,-0.24,-0.97,701.8,29.72,663.8,96.6,96.6,7.59,-105.5,42.127,0.32,667.5,-2.19,-6.13,434,-0.69,0,NaN,-606.6,27.692,29.808,4.98,0
3/21/2019,11:40:19,0,Default Site,-0.26,-1.05,701.6,30.402,663.6,96.5,96.5,7.58,-105.4,43.094,0.32,667.3,-2.17,-6.06,434,-0.65,0,NaN,-606.6,27.691,30.584,4.98,0
3/21/2019,11:40:21,0,Default Site,-0.28,-1.12,701.5,31.266,663.5,96.4,96.4,7.58,-105.6,44.32,0.32,667.2,-2.14,-6,434,-0.77,0,NaN,-606.6,27.69,31.399,4.99,0
3/21/2019,11:40:23,0,Default Site,-0.32,-1.28,701.3,31.659,663.3,96.4,96.4,7.57,-105.8,44.876,0.32,667,-2.14,-6,434,-0.7,0,NaN,-606.6,27.691,31.639,4.99,0
3/21/2019,11:40:25,0,Default Site,-0.32,-1.27,701.4,31.819,663.4,96.4,96.4,7.57,-105.8,45.103,0.32,667.1,-2.13,-5.97,434,-0.65,0,NaN,-606.6,27.69,32.017,4.99,0
3/21/2019,11:40:27,0,Default Site,-0.3,-1.21,701.4,32.547,663.4,96.4,96.4,7.57,-106,46.135,0.32,667.1,-2.09,-5.85,434,-0.78,0,NaN,-606.6,27.689,32.668,4.99,0
3/21/2019,11:40:29,0,Default Site,-0.26,-1.05,701.6,33.28,663.6,96.3,96.3,7.57,-106.1,47.175,0.32,667.3,-2.16,-6.04,434,-0.72,0,NaN,-606.6,27.687,33.38,4.99,0
3/21/2019,11:40:31,0,Default Site,-0.3,-1.19,701.6,34.067,663.7,96.3,96.3,7.57,-106.1,48.29,0.32,667.4,-2.14,-5.98,434,-0.69,0,NaN,-606.6,27.685,34.204,4.97,0
3/21/2019,11:40:33,0,Default Site,-0.3,-1.22,701.4,34.507,663.5,96.3,96.3,7.56,-106,48.914,0.32,667.2,-2.08,-5.83,434,-0.79,0,NaN,-606.6,27.682,34.491,4.97,0
3/21/2019,11:40:35,0,Default Site,-0.32,-1.27,701.2,34.675,663.4,96.2,96.2,7.56,-106.1,49.152,0.32,667.1,-2.15,-6.03,434,-0.67,0,NaN,-606.6,27.681,34.769,4.97,0
3/21/2019,11:40:37,0,Default Site,-0.31,-1.23,701.4,35.16,663.6,96.3,96.3,7.56,-106.1,49.84,0.32,667.3,-2.2,-6.17,434,-0.7,0,NaN,-606.6,27.681,35.213,4.97,0
3/21/2019,11:40:39,0,Default Site,-0.27,-1.1,701.2,35.572,663.4,96.3,96.3,7.57,-106.1,50.424,0.32,667.1,-2.26,-6.32,434,-0.67,0,NaN,-606.6,27.681,35.591,4.97,0
3/21/2019,11:40:41,0,Default Site,-0.3,-1.2,701.5,35.546,663.7,96.2,96.2,7.56,-106.1,50.387,0.32,667.4,-2.12,-5.93,434,-0.65,0,NaN,-606.6,27.68,35.56,4.97,0
3/21/2019,11:40:43,0,Default Site,-0.28,-1.1,701.5,35.633,663.6,96.2,96.2,7.56,-106.2,50.509,0.32,667.3,-2.12,-5.95,434,-0.78,0,NaN,-606.6,27.681,35.632,4.97,0
3/21/2019,11:40:45,0,Default Site,-0.26,-1.04,701.5,35.769,663.7,96.2,96.2,7.56,-106.2,50.703,0.32,667.4,-2.11,-5.91,434,-0.68,0,NaN,-606.6,27.68,35.942,4.97,0
3/21/2019,11:40:47,0,Default Site,-0.3,-1.18,701.4,36.621,663.6,96.2,96.2,7.56,-106.2,51.91,0.32,667.3,-2.09,-5.85,434,-0.75,0,NaN,-606.6,27.677,36.626,4.97,0
3/21/2019,11:40:49,0,Default Site,-0.28,-1.12,701.5,36.901,663.7,96.2,96.2,7.56,-106.2,52.307,0.32,667.4,-2.22,-6.21,434,-0.73,0,NaN,-606.6,27.675,37.058,4.97,0
3/21/2019,11:40:51,0,Default Site,-0.22,-0.86,701.4,37.601,663.8,96.1,96.1,7.55,-106.3,53.3,0.32,667.4,-2.18,-6.1,434,-0.81,0,NaN,-606.6,27.668,37.699,4.97,0
3/21/2019,11:40:53,0,Default Site,-0.3,-1.22,701.3,38.015,663.7,96,96,7.55,-106.4,53.887,0.32,667.3,-2.1,-5.88,434,-0.8,0,NaN,-606.6,27.665,38.019,4.97,0
3/21/2019,11:40:55,0,Default Site,-0.28,-1.13,701.3,38.247,663.7,96,96,7.54,-106.5,54.215,0.32,667.3,-2.16,-6.05,434,-0.71,0,NaN,-606.6,27.663,38.389,4.97,0
3/21/2019,11:40:57,0,Default Site,-0.33,-1.33,701.1,38.974,663.5,95.9,95.9,7.54,-106.4,55.247,0.32,667.2,-2.15,-6.03,434,-0.71,0,NaN,-606.6,27.659,39.031,4.97,0
3/21/2019,11:40:59,0,Default Site,-0.29,-1.17,701,39.497,663.6,95.8,95.8,7.53,-106.3,55.988,0.32,667.3,-2.18,-6.09,434,-0.72,0,NaN,-606.6,27.648,39.511,4.97,0
3/21/2019,11:41:01,0,Default Site,-0.29,-1.16,700.3,40.018,664.1,95.4,95.4,7.5,-106.3,56.728,0.32,667.6,-2.2,-6.16,434,-0.75,0,NaN,-606.6,27.57,40.143,4.98,0
3/21/2019,11:41:03,0,Default Site,-0.3,-1.19,699.6,40.327,664.4,95,95,7.49,-106.3,57.167,0.32,667.8,-2.13,-5.97,434,-0.77,0,NaN,-606.6,27.496,40.37,4.98,0
3/21/2019,11:41:05,0,Default Site,-0.29,-1.15,699.2,40.675,664.3,94.5,94.5,7.45,-106.5,57.661,0.32,667.7,-2.12,-5.95,434,-0.75,0,NaN,-606.6,27.474,40.827,4.98,0
3/21/2019,11:41:07,0,Default Site,-0.27,-1.09,698.8,41.373,664.3,93.8,93.8,7.4,-106.6,58.65,0.32,667.6,-2.13,-5.97,434,-0.75,0,NaN,-606.6,27.444,41.504,4.98,0
3/21/2019,11:41:09,0,Default Site,-0.22,-0.9,698.4,42.078,664.3,93.3,93.3,7.37,-106.6,59.651,0.32,667.6,-2.17,-6.09,434,-0.66,0,NaN,-606.6,27.413,42.227,4.98,0
3/21/2019,11:41:11,0,Default Site,-0.28,-1.12,698,42.857,664.7,92.8,92.8,7.33,-106.6,60.757,0.32,667.9,-2.15,-6.02,434,-0.74,0,NaN,-606.6,27.361,42.993,4.97,0
3/21/2019,11:41:13,0,Default Site,-0.18,-0.73,697.3,43.525,664.7,92.4,92.4,7.31,-106.6,61.704,0.32,667.8,-2.13,-5.97,434,-0.75,0,NaN,-606.6,27.309,43.512,4.97,0
3/21/2019,11:41:15,0,Default Site,-0.17,-0.66,696.5,43.887,665.1,91.5,91.5,7.24,-106.6,62.219,0.32,668.2,-2.09,-5.84,434,-0.83,0,NaN,-606.6,27.223,43.909,4.97,0
3/21/2019,11:41:17,0,Default Site,-0.15,-0.59,696.3,44.011,665.4,90.3,90.3,7.16,-106.8,62.396,0.32,668.4,-2.18,-6.1,434,-0.66,0,NaN,-606.6,27.187,44.059,4.97,0
3/21/2019,11:41:19,0,Default Site,-0.05,-0.21,695.6,44.317,665.6,89.2,89.2,7.08,-106.9,62.83,0.32,668.5,-2.14,-6,435,-0.74,0,NaN,-606.6,27.121,44.318,4.97,0
3/21/2019,11:41:21,0,Default Site,0.03,0.11,694.6,44.737,665.6,88.1,88.1,7,-107,63.427,0.32,668.4,-2.12,-5.92,434,-0.79,0,NaN,-606.6,27.053,44.892,4.96,0
3/21/2019,11:41:23,0,Default Site,0.1,0.4,693.8,45.464,665.9,86.8,86.8,6.91,-107.1,64.459,0.32,668.6,-2.04,-5.71,435,-0.65,0,NaN,-606.6,26.978,45.602,4.96,0
3/21/2019,11:41:25,0,Default Site,0.25,0.99,693.5,46.01,666,85.6,85.6,6.82,-107.2,65.234,0.32,668.6,-2.04,-5.71,435,-0.75,0,NaN,-606.6,26.949,46.057,4.96,0
3/21/2019,11:41:27,0,Default Site,0.1,0.41,692.6,46.539,665.4,84.3,84.3,6.71,-107.4,65.985,0.32,668,-2.13,-5.96,434,-0.71,0,NaN,-606.6,26.918,46.68,4.96,0
3/21/2019,11:41:29,0,Default Site,-0.12,-0.46,692,47.103,665.4,82.8,82.8,6.6,-107.4,66.785,0.32,668,-2.07,-5.81,434,-0.59,0,NaN,-606.6,26.879,47.224,4.96,0
3/21/2019,11:41:31,0,Default Site,-0.12,-0.48,690.8,47.781,665.4,81.2,81.2,6.48,-107.6,67.748,0.32,667.8,-2.12,-5.94,434,-0.38,0,NaN,-606.6,26.801,47.896,4.96,0
3/21/2019,11:41:33,0,Default Site,0.01,0.03,690.3,48.3,665.1,79.9,79.9,6.38,-107.8,68.485,0.32,667.5,-2.1,-5.89,434,-0.37,0,NaN,-606.6,26.783,48.391,4.96,0
3/21/2019,11:41:35,0,Default Site,-0.15,-0.6,690.4,48.994,665.4,78.7,78.7,6.28,-108,69.469,0.32,667.8,-2.16,-6.05,434,-0.53,0,NaN,-606.6,26.768,49.138,4.96,0
3/21/2019,11:41:37,0,Default Site,-0.19,-0.76,690.3,49.711,665.5,77.6,77.6,6.2,-108.2,70.486,0.32,667.9,-2.12,-5.93,434,-0.43,0,NaN,-606.6,26.751,49.786,4.96,0
3/21/2019,11:41:39,0,Default Site,-0.19,-0.77,690.3,50.04,665.6,76.8,76.8,6.14,-108.3,70.952,0.32,668,-2.11,-5.91,434,-0.35,0,NaN,-606.6,26.748,50.052,4.96,0
3/21/2019,11:41:41,0,Default Site,-0.19,-0.76,689.8,50.328,665.2,76.1,76.1,6.08,-108.6,71.36,0.32,667.6,-2.13,-5.95,434,-0.39,0,NaN,-606.6,26.741,50.444,4.94,0
3/21/2019,11:41:43,0,Default Site,-0.14,-0.57,690,50.64,665.7,75.6,75.6,6.04,-108.8,71.803,0.32,668,-2.12,-5.93,434,-0.6,0,NaN,-606.6,26.727,50.638,4.94,0
3/21/2019,11:41:45,0,Default Site,-0.15,-0.59,690.5,50.828,666.2,75.1,75.1,6,-108.9,72.07,0.32,668.5,-2.16,-6.06,435,-0.64,0,NaN,-606.6,26.715,50.936,4.94,0
3/21/2019,11:41:47,0,Default Site,-0.15,-0.59,690.5,50.966,666.6,74.4,74.4,5.95,-109,72.267,0.32,668.9,-2.13,-5.97,435,-0.67,0,NaN,-606.6,26.691,50.983,4.94,0
3/21/2019,11:41:49,0,Default Site,-0.19,-0.76,690.7,51.246,667.1,73.9,73.9,5.91,-109.2,72.664,0.32,669.4,-2.07,-5.8,435,-0.67,0,NaN,-606.6,26.668,51.249,4.94,0
3/21/2019,11:41:51,0,Default Site,-0.19,-0.74,690.5,51.456,667.5,73.4,73.4,5.87,-109.3,72.962,0.32,669.7,-2.15,-6.02,435,-0.75,0,NaN,-606.6,26.622,51.529,4.98,0
3/21/2019,11:41:53,0,Default Site,-0.21,-0.84,690.2,51.806,668.1,72.7,72.7,5.83,-109.4,73.461,0.32,670.2,-2.13,-5.95,436,-0.61,0,NaN,-606.6,26.563,51.882,4.98,0
3/21/2019,11:41:55,0,Default Site,-0.21,-0.83,689.6,52.247,668.2,71.6,71.6,5.74,-109.6,74.087,0.32,670.3,-2.12,-5.94,436,-0.6,0,NaN,-606.6,26.508,52.325,4.98,0
3/21/2019,11:41:57,0,Default Site,-0.2,-0.8,689.3,52.559,668.1,70.4,70.4,5.65,-109.7,74.53,0.32,670.1,-2.12,-5.93,436,-0.44,0,NaN,-606.6,26.494,52.638,4.98,0
3/21/2019,11:41:59,0,Default Site,-0.27,-1.09,688.5,53.065,667.7,69.4,69.4,5.57,-109.9,75.248,0.32,669.7,-2.2,-6.15,435,-0.33,0,NaN,-606.6,26.471,53.073,4.98,0
3/21/2019,11:42:01,0,Default Site,-0.2,-0.8,689,53.228,668.3,68.6,68.6,5.51,-110,75.479,0.32,670.3,-2.13,-5.97,436,-0.68,0,NaN,-606.6,26.468,53.303,4.98,0
3/21/2019,11:42:03,0,Default Site,-0.23,-0.94,689.1,53.511,668.6,68,68,5.46,-110.1,75.881,0.32,670.6,-2.07,-5.79,436,-0.61,0,NaN,-606.6,26.445,53.618,4.98,0
3/21/2019,11:42:05,0,Default Site,-0.23,-0.93,689.2,54.055,669.4,67.4,67.4,5.41,-110.2,76.653,0.32,671.3,-2.07,-5.79,436,-0.65,0,NaN,-606.6,26.396,54.143,4.98,0
3/21/2019,11:42:07,0,Default Site,-0.23,-0.92,688.5,54.604,669.2,66.7,66.7,5.37,-110.4,77.433,0.32,671,-2.11,-5.9,436,-0.68,0,NaN,-606.6,26.365,54.738,4.98,0
3/21/2019,11:42:09,0,Default Site,-0.19,-0.77,688.3,55.276,669.8,65.9,65.9,5.3,-110.5,78.386,0.32,671.6,-2.15,-6.01,437,-0.72,0,NaN,-606.6,26.303,55.338,4.98,0
3/21/2019,11:42:11,0,Default Site,-0.23,-0.93,687.3,55.759,669.9,64.8,64.8,5.23,-110.6,79.074,0.32,671.6,-2.15,-6.03,437,-0.79,0,NaN,-606.6,26.226,55.897,4.98,0
3/21/2019,11:42:13,0,Default Site,-0.28,-1.11,687.1,56.384,670.6,63.5,63.5,5.13,-110.7,79.961,0.33,672.2,-2.11,-5.91,437,-0.48,0,NaN,-606.6,26.164,56.433,4.98,0
3/21/2019,11:42:15,0,Default Site,-0.24,-0.94,686.8,56.726,670.4,62.3,62.3,5.03,-110.9,80.446,0.33,672,-2.22,-6.2,437,-0.52,0,NaN,-606.6,26.152,56.82,4.98,0
3/21/2019,11:42:17,0,Default Site,-0.28,-1.12,686.3,57.25,671.7,60.8,60.8,4.92,-111,81.193,0.33,673.1,-2.17,-6.08,438,-0.54,0,NaN,-606.6,26.022,57.313,4.98,0
3/21/2019,11:42:19,0,Default Site,-0.3,-1.18,685.2,57.602,672,59,59,4.78,-111.2,81.694,0.33,673.3,-2.13,-5.98,438,-0.51,0,NaN,-606.6,25.923,57.675,4.98,0
3/21/2019,11:42:21,0,Default Site,-0.25,-1.01,684.8,58.052,672.4,57,57,4.63,-111.4,82.333,0.33,673.6,-2.16,-6.06,438,-0.46,0,NaN,-606.6,25.862,58.15,4.97,0
3/21/2019,11:42:23,0,Default Site,-0.29,-1.15,684.3,58.421,673.1,55.5,55.5,4.51,-111.6,82.859,0.33,674.2,-2.17,-6.09,438,-0.6,0,NaN,-606.6,25.785,58.452,4.97,0
3/21/2019,11:42:25,0,Default Site,-0.29,-1.15,684,58.591,673.5,54.3,54.3,4.42,-111.8,83.101,0.33,674.5,-2.1,-5.89,438,-0.63,0,NaN,-606.6,25.739,58.589,4.97,0
3/21/2019,11:42:27,0,Default Site,-0.3,-1.21,683.6,58.57,673.1,53.4,53.4,4.35,-112,83.072,0.33,674.1,-2.13,-5.96,438,-0.69,0,NaN,-606.6,25.731,58.695,4.97,0
3/21/2019,11:42:29,0,Default Site,-0.33,-1.33,683,59.078,673.6,52.1,52.1,4.24,-112,83.794,0.33,674.5,-2.18,-6.09,438,-0.58,0,NaN,-606.6,25.66,59.128,4.97,0
3/21/2019,11:42:31,0,Default Site,-0.29,-1.15,682.7,59.438,673.6,50.9,50.9,4.15,-112.3,84.304,0.33,674.4,-2.14,-6,438,-0.67,0,NaN,-606.6,25.642,59.542,4.99,0
3/21/2019,11:42:33,0,Default Site,-0.28,-1.12,682.6,59.817,673.6,49.9,49.9,4.07,-112.6,84.843,0.33,674.5,-2.19,-6.12,438,-0.6,0,NaN,-606.6,25.631,59.816,4.99,0
3/21/2019,11:42:35,0,Default Site,-0.27,-1.09,682.6,59.971,673.6,49.1,49.1,4,-112.9,85.062,0.33,674.5,-2.18,-6.1,438,-0.55,0,NaN,-606.6,25.626,60.042,4.99,0
3/21/2019,11:42:37,0,Default Site,-0.32,-1.28,682.3,60.497,673.5,48.4,48.4,3.95,-113.1,85.808,0.33,674.3,-2.13,-5.96,438,-0.59,0,NaN,-606.6,25.617,60.573,4.99,0
3/21/2019,11:42:39,0,Default Site,-0.33,-1.31,682.5,60.72,673.8,47.9,47.9,3.9,-113.3,86.124,0.33,674.6,-2.25,-6.3,438,-0.56,0,NaN,-606.6,25.617,60.716,4.99,0
3/21/2019,11:42:41,0,Default Site,-0.3,-1.2,682.3,60.914,673.6,47.4,47.4,3.87,-113.5,86.399,0.33,674.4,-2.19,-6.12,438,-0.62,0,NaN,-606.6,25.616,60.99,4.99,0
3/21/2019,11:42:43,0,Default Site,-0.33,-1.3,682.3,61.426,673.7,46.9,46.9,3.83,-113.6,87.126,0.33,674.5,-2.13,-5.95,438,-0.59,0,NaN,-606.6,25.599,61.484,4.99,0
3/21/2019,11:42:45,0,Default Site,-0.26,-1.04,682.1,61.815,673.8,46.5,46.5,3.79,-113.8,87.678,0.33,674.6,-2.15,-6.02,439,-0.61,0,NaN,-606.6,25.579,61.914,4.99,0
3/21/2019,11:42:47,0,Default Site,-0.3,-1.21,681.9,62.298,674.6,45.8,45.8,3.74,-113.9,88.365,0.33,675.3,-2.13,-5.98,439,-0.64,0,NaN,-606.6,25.517,62.415,4.99,0
3/21/2019,11:42:49,0,Default Site,-0.32,-1.27,681.5,62.989,676,44.6,44.6,3.65,-114.1,89.348,0.33,676.5,-2.2,-6.16,440,-0.81,0,NaN,-606.6,25.381,63.085,4.99,0
3/21/2019,11:42:51,0,Default Site,-0.36,-1.43,681,63.426,676.2,43.2,43.2,3.54,-114.3,89.969,0.33,676.7,-2.08,-5.82,440,-0.67,0,NaN,-606.6,25.335,63.505,4.99,0
3/21/2019,11:42:53,0,Default Site,-0.29,-1.18,680.7,63.914,676.6,41.9,41.9,3.44,-114.6,90.663,0.33,677,-2.15,-6.02,440,-0.75,0,NaN,-606.6,25.283,63.99,4.99,0
3/21/2019,11:42:55,0,Default Site,-0.36,-1.46,680.2,64.293,676.4,40.7,40.7,3.34,-115,91.201,0.33,676.7,-2.22,-6.2,440,-0.77,0,NaN,-606.6,25.271,64.345,4.99,0
3/21/2019,11:42:57,0,Default Site,-0.29,-1.14,680,64.727,676.4,39.5,39.5,3.25,-115.1,91.818,0.33,676.8,-2.11,-5.92,440,-0.57,0,NaN,-606.6,25.249,64.814,4.99,0
3/21/2019,11:42:59,0,Default Site,-0.34,-1.37,679.9,65.164,676.7,38.6,38.6,3.17,-115.4,92.439,0.33,677,-2.23,-6.24,440,-0.67,0,NaN,-606.6,25.226,65.21,4.99,0
3/21/2019,11:43:01,0,Default Site,-0.34,-1.37,679.6,65.457,676.5,37.8,37.8,3.11,-115.6,92.854,0.33,676.8,-2.19,-6.14,440,-0.66,0,NaN,-606.6,25.215,65.542,4.98,0
3/21/2019,11:43:03,0,Default Site,-0.35,-1.41,679.6,65.914,676.8,37.1,37.1,3.05,-115.9,93.503,0.33,677.1,-2.19,-6.14,440,-0.66,0,NaN,-606.6,25.191,65.999,4.98,0
3/21/2019,11:43:05,0,Default Site,-0.36,-1.45,679.3,66.251,676.8,36.6,36.6,3.01,-116.1,93.981,0.33,677,-2.15,-6.02,440,-0.68,0,NaN,-606.6,25.179,66.307,4.98,0
3/21/2019,11:43:07,0,Default Site,-0.28,-1.11,679.4,66.546,677,36.2,36.2,2.98,-116.4,94.4,0.33,677.2,-2.13,-5.96,440,-0.78,0,NaN,-606.6,25.172,66.571,4.98,0
3/21/2019,11:43:09,0,Default Site,-0.36,-1.45,678.9,66.969,676.9,35.6,35.6,2.93,-116.6,95.001,0.33,677.1,-2.1,-5.87,440,-0.73,0,NaN,-606.6,25.138,67,4.96,0
3/21/2019,11:43:11,0,Default Site,-0.34,-1.37,679,67.105,677.2,35.4,35.4,2.91,-116.8,95.194,0.33,677.4,-2.12,-5.95,440,-0.67,0,NaN,-606.6,25.126,67.176,4.96,0
3/21/2019,11:43:13,0,Default Site,-0.3,-1.21,679.1,67.463,677.4,34.8,34.8,2.86,-117.1,95.702,0.33,677.6,-2.09,-5.84,440,-0.74,0,NaN,-606.6,25.112,67.538,4.96,0
3/21/2019,11:43:15,0,Default Site,-0.34,-1.37,678.9,67.939,677.5,34.2,34.2,2.82,-117.3,96.378,0.33,677.6,-2.13,-5.97,440,-0.75,0,NaN,-606.6,25.097,68.012,4.96,0
3/21/2019,11:43:17,0,Default Site,-0.33,-1.32,678.4,68.138,677.1,33.7,33.7,2.77,-117.6,96.661,0.33,677.2,-2.19,-6.12,440,-0.74,0,NaN,-606.6,25.091,68.218,4.96,0
3/21/2019,11:43:19,0,Default Site,-0.34,-1.37,678.5,68.668,677.4,33,33,2.72,-117.9,97.414,0.33,677.5,-2.19,-6.12,440,-0.76,0,NaN,-606.6,25.073,68.795,4.96,0
3/21/2019,11:43:21,0,Default Site,-0.33,-1.32,678.7,69.237,677.9,32.5,32.5,2.68,-118,98.221,0.33,677.9,-2.11,-5.92,441,-0.73,0,NaN,-606.6,25.057,69.335,4.99,0
3/21/2019,11:43:23,0,Default Site,-0.28,-1.11,678.2,69.679,677.6,32,32,2.64,-118.3,98.849,0.33,677.7,-2.2,-6.15,441,-0.7,0,NaN,-606.6,25.041,69.725,4.99,0
3/21/2019,11:43:25,0,Default Site,-0.32,-1.29,678.4,69.977,677.9,31.7,31.7,2.61,-118.5,99.272,0.33,678,-2.13,-5.97,441,-0.81,0,NaN,-606.6,25.03,70.033,4.99,0
3/21/2019,11:43:27,0,Default Site,-0.37,-1.46,678.5,70.306,678.2,31.4,31.4,2.59,-118.7,99.739,0.33,678.2,-2.16,-6.04,441,-0.79,0,NaN,-606.6,25.027,70.369,4.99,0
3/21/2019,11:43:29,0,Default Site,-0.36,-1.43,678.3,70.626,678,31.2,31.2,2.57,-118.9,100.193,0.33,678.1,-2.13,-5.97,441,-0.69,0,NaN,-606.6,25.021,70.721,4.99,0
3/21/2019,11:43:31,0,Default Site,-0.35,-1.41,678.2,71.132,678.2,30.9,30.9,2.55,-119.1,100.911,0.33,678.2,-2.08,-5.83,441,-0.79,0,NaN,-606.6,25,71.255,4.99,0
3/21/2019,11:43:33,0,Default Site,-0.33,-1.33,678.1,71.645,678.3,30.7,30.7,2.53,-119.2,101.639,0.33,678.3,-2.18,-6.09,441,-0.72,0,NaN,-606.6,24.984,71.685,4.99,0
3/21/2019,11:43:35,0,Default Site,-0.32,-1.29,678.1,71.914,678.5,30.2,30.2,2.49,-119.4,102.021,0.33,678.5,-2.06,-5.77,441,-0.83,0,NaN,-606.6,24.975,72.023,4.99,0
3/21/2019,11:43:37,0,Default Site,-0.33,-1.32,677.7,72.414,678.3,29.7,29.7,2.45,-119.7,102.732,0.33,678.2,-2.13,-5.97,441,-0.77,0,NaN,-606.6,24.959,72.519,4.99,0
3/21/2019,11:43:39,0,Default Site,-0.34,-1.36,678,72.893,678.7,29.3,29.3,2.42,-119.9,103.411,0.33,678.6,-2.14,-5.99,441,-0.73,0,NaN,-606.6,24.948,72.935,4.99,0
3/21/2019,11:43:41,0,Default Site,-0.33,-1.32,678,73.256,678.7,28.9,28.9,2.38,-120.1,103.926,0.33,678.6,-2.12,-5.94,441,-0.75,0,NaN,-606.6,24.948,73.347,4.99,0
3/21/2019,11:43:43,0,Default Site,-0.3,-1.21,677.8,73.817,678.6,28.4,28.4,2.35,-120.3,104.722,0.33,678.6,-2.12,-5.95,441,-0.71,0,NaN,-606.6,24.941,73.956,4.99,0
3/21/2019,11:43:45,0,Default Site,-0.33,-1.31,677.9,74.567,678.9,28.1,28.1,2.32,-120.5,105.786,0.33,678.8,-2.16,-6.05,441,-0.76,0,NaN,-606.6,24.927,74.688,4.99,0
3/21/2019,11:43:47,0,Default Site,-0.34,-1.37,677.7,74.898,678.8,27.8,27.8,2.29,-120.6,106.257,0.33,678.7,-2.12,-5.94,441,-0.7,0,NaN,-606.6,24.927,74.889,4.99,0
3/21/2019,11:43:49,0,Default Site,-0.33,-1.33,677.8,75.147,679,27.5,27.5,2.27,-120.8,106.61,0.33,678.9,-2.12,-5.94,441,-0.79,0,NaN,-606.6,24.916,75.193,4.99,0
3/21/2019,11:43:51,0,Default Site,-0.38,-1.51,677.4,75.331,678.7,27.3,27.3,2.25,-120.9,106.871,0.33,678.6,-2.15,-6.01,441,-0.82,0,NaN,-606.6,24.909,75.348,4.99,0
3/21/2019,11:43:53,0,Default Site,-0.37,-1.48,677.4,75.38,678.7,27.1,27.1,2.24,-121.1,106.941,0.33,678.6,-2.11,-5.9,441,-0.77,0,NaN,-606.6,24.91,75.4,4.99,0
3/21/2019,11:43:55,0,Default Site,-0.37,-1.47,677.8,75.414,679.1,27,27,2.23,-121.2,106.99,0.33,678.9,-2.13,-5.96,441,-0.8,0,NaN,-606.6,24.912,75.448,4.99,0
3/21/2019,11:43:57,0,Default Site,-0.29,-1.17,677.7,75.8,679.1,26.9,26.9,2.22,-121.3,107.537,0.33,678.9,-2.05,-5.75,441,-0.75,0,NaN,-606.6,24.901,75.857,4.99,0
3/21/2019,11:43:59,0,Default Site,-0.33,-1.34,677.6,75.829,679,26.8,26.8,2.21,-121.4,107.578,0.33,678.9,-2.13,-5.97,441,-0.78,0,NaN,-606.6,24.903,75.827,4.99,0
3/21/2019,11:44:01,0,Default Site,-0.34,-1.37,677.6,75.838,679,26.7,26.7,2.2,-121.6,107.591,0.33,678.9,-2.15,-6.01,441,-0.74,0,NaN,-606.6,24.9,75.857,4.99,0
3/21/2019,11:44:03,0,Default Site,-0.39,-1.57,677.4,76.05,678.9,26.6,26.6,2.2,-121.8,107.892,0.33,678.8,-2.13,-5.97,441,-0.77,0,NaN,-606.6,24.897,76.054,4.99,0
3/21/2019,11:44:05,0,Default Site,-0.42,-1.69,677.3,76.243,678.8,26.4,26.4,2.18,-122.1,108.166,0.33,678.7,-2.16,-6.05,441,-0.74,0,NaN,-606.6,24.891,76.339,4.99,0
3/21/2019,11:44:07,0,Default Site,-0.4,-1.59,677.6,76.902,679.3,26.2,26.2,2.16,-122.3,109.102,0.33,679.1,-2.13,-5.97,441,-0.79,0,NaN,-606.6,24.88,77.043,4.99,0
3/21/2019,11:44:09,0,Default Site,-0.31,-1.24,677.6,77.779,679.5,25.7,25.7,2.13,-122.5,110.347,0.33,679.3,-2.14,-5.98,442,-0.69,0,NaN,-606.6,24.869,77.857,4.99,0
3/21/2019,11:44:11,0,Default Site,-0.35,-1.41,677.6,78.184,679.7,24.9,24.9,2.06,-122.7,110.921,0.33,679.5,-2.13,-5.97,442,-0.81,0,NaN,-606.6,24.857,78.217,4.99,0
3/21/2019,11:44:13,0,Default Site,-0.33,-1.31,677.7,78.32,679.9,24,24,1.99,-123,111.115,0.33,679.7,-2.14,-5.99,442,-0.87,0,NaN,-606.6,24.851,78.314,4.99,0
3/21/2019,11:44:15,0,Default Site,-0.31,-1.24,677.8,77.919,679.9,23.3,23.3,1.93,-123.2,110.546,0.33,679.7,-2.11,-5.9,442,-0.76,0,NaN,-606.6,24.855,77.81,4.99,0
3/21/2019,11:44:17,0,Default Site,-0.39,-1.55,677.6,77.928,679.7,22.8,22.8,1.89,-123.5,110.559,0.33,679.5,-2.18,-6.11,442,-0.77,0,NaN,-606.6,24.855,78.053,4.99,0
3/21/2019,11:44:19,0,Default Site,-0.34,-1.36,677.8,78.301,680,22.4,22.4,1.85,-123.8,111.087,0.33,679.8,-2.2,-6.16,442,-0.63,0,NaN,-606.6,24.849,78.238,4.99,0
3/21/2019,11:44:21,0,Default Site,-0.3,-1.2,677.7,77.636,679.8,22.1,22.1,1.83,-124,110.143,0.33,679.6,-2.09,-5.85,442,-0.68,0,NaN,-606.6,24.857,77.607,4.99,0
3/21/2019,11:44:23,0,Default Site,-0.4,-1.59,677.5,77.721,679.5,22,22,1.82,-124.3,110.264,0.33,679.4,-2.13,-5.96,442,-0.75,0,NaN,-606.6,24.858,77.788,4.99,0
3/21/2019,11:44:25,0,Default Site,-0.37,-1.47,677.5,78.262,679.7,21.9,21.9,1.81,-124.6,111.032,0.33,679.5,-2.12,-5.92,442,-0.69,0,NaN,-606.6,24.845,78.433,4.99,0
3/21/2019,11:44:27,0,Default Site,-0.39,-1.57,677.7,79.18,680.1,21.6,21.6,1.79,-124.8,112.336,0.33,679.8,-2.15,-6.02,442,-0.88,0,NaN,-606.6,24.838,79.374,4.99,0
3/21/2019,11:44:29,0,Default Site,-0.32,-1.29,677.7,80.311,680.1,21.2,21.2,1.76,-125,113.94,0.33,679.8,-2.12,-5.95,442,-0.8,0,NaN,-606.6,24.833,80.478,4.99,0
3/21/2019,11:44:31,0,Default Site,-0.35,-1.39,677.6,81.258,680.2,20.8,20.8,1.72,-125.2,115.285,0.33,679.9,-2.12,-5.93,442,-0.71,0,NaN,-606.6,24.819,81.437,4.98,0
3/21/2019,11:44:33,0,Default Site,-0.36,-1.45,677.7,82.233,680.5,20.3,20.3,1.68,-125.5,116.668,0.33,680.3,-2.17,-6.08,442,-0.85,0,NaN,-606.6,24.799,82.402,4.98,0
3/21/2019,11:44:35,0,Default Site,-0.38,-1.5,677.6,83.078,680.6,20.1,20.1,1.66,-125.7,117.868,0.33,680.4,-2.18,-6.11,442,-0.75,0,NaN,-606.6,24.786,83.231,4.98,0
3/21/2019,11:44:37,0,Default Site,-0.37,-1.49,677.3,83.966,680.5,19.9,19.9,1.64,-125.9,119.128,0.33,680.2,-2.21,-6.18,442,-0.7,0,NaN,-606.6,24.774,84.086,4.98,0
3/21/2019,11:44:39,0,Default Site,-0.3,-1.21,676.9,84.661,680.2,19.6,19.6,1.62,-126.1,120.115,0.33,679.9,-2.11,-5.9,442,-0.64,0,NaN,-606.6,24.767,84.798,4.98,0
3/21/2019,11:44:41,0,Default Site,-0.37,-1.49,677.2,85.349,680.5,19.4,19.4,1.61,-126.4,121.092,0.33,680.2,-2.12,-5.94,442,-0.7,0,NaN,-606.6,24.766,85.463,4.98,0
3/21/2019,11:44:43,0,Default Site,-0.37,-1.46,677.4,86.022,680.8,19.2,19.2,1.59,-126.6,122.046,0.33,680.5,-2.14,-6,442,-0.78,0,NaN,-606.6,24.76,86.124,4.98,0
3/21/2019,11:44:45,0,Default Site,-0.3,-1.19,677.3,86.507,680.8,19,19,1.57,-126.9,122.734,0.33,680.5,-2.1,-5.88,442,-0.66,0,NaN,-606.6,24.752,86.634,4.98,0
3/21/2019,11:44:47,0,Default Site,-0.36,-1.44,677.2,87.135,681,18.4,18.4,1.53,-127.1,123.626,0.33,680.7,-2.05,-5.74,442,-0.67,0,NaN,-606.6,24.735,87.205,4.98,0
3/21/2019,11:44:49,0,Default Site,-0.38,-1.52,677,87.694,680.9,17.6,17.6,1.46,-127.5,124.42,0.33,680.6,-2.2,-6.17,442,-0.77,0,NaN,-606.6,24.722,87.766,4.98,0
3/21/2019,11:44:51,0,Default Site,-0.39,-1.56,677.2,87.883,681.2,17.1,17.1,1.41,-127.7,124.689,0.33,680.8,-2.16,-6.05,443,-0.8,0,NaN,-606.6,24.719,87.955,4.99,0
3/21/2019,11:44:53,0,Default Site,-0.39,-1.54,677.2,88.134,681.2,16.7,16.7,1.39,-128,125.046,0.33,680.8,-2.15,-6.01,443,-0.81,0,NaN,-606.6,24.716,88.086,4.99,0
3/21/2019,11:44:55,0,Default Site,-0.33,-1.31,676.9,87.772,680.9,16.3,16.3,1.35,-128.2,124.531,0.33,680.5,-2.1,-5.89,442,-0.76,0,NaN,-606.6,24.718,87.654,4.99,0
3/21/2019,11:44:57,0,Default Site,-0.36,-1.44,677,87.208,681,16,16,1.33,-128.5,123.731,0.33,680.7,-2.05,-5.74,442,-0.68,0,NaN,-606.6,24.72,87.098,4.99,0
3/21/2019,11:44:59,0,Default Site,-0.37,-1.48,676.9,86.505,680.8,15.9,15.9,1.31,-128.7,122.733,0.33,680.4,-2.12,-5.94,442,-0.86,0,NaN,-606.6,24.728,86.37,4.99,0
3/21/2019,11:45:01,0,Default Site,-0.37,-1.48,677.1,86.023,680.7,15.9,15.9,1.32,-128.9,122.049,0.33,680.4,-2.14,-5.99,442,-0.84,0,NaN,-606.6,24.746,86.004,4.99,0
3/21/2019,11:45:03,0,Default Site,-0.34,-1.35,677.2,85.881,680.7,16.2,16.2,1.34,-129.2,121.847,0.33,680.4,-2.06,-5.78,442,-0.7,0,NaN,-606.6,24.752,85.931,4.99,0
3/21/2019,11:45:05,0,Default Site,-0.34,-1.34,677.1,86.24,680.7,16.4,16.4,1.36,-129.4,122.356,0.33,680.3,-2.14,-6,442,-0.7,0,NaN,-606.6,24.754,86.344,4.99,0
3/21/2019,11:45:07,0,Default Site,-0.31,-1.24,677.2,86.748,680.9,16.6,16.6,1.38,-129.5,123.078,0.33,680.5,-2.19,-6.14,442,-0.61,0,NaN,-606.6,24.741,86.816,4.99,0
3/21/2019,11:45:09,0,Default Site,-0.34,-1.36,677,87.209,680.9,16.6,16.6,1.37,-129.8,123.732,0.33,680.5,-2.12,-5.94,442,-0.76,0,NaN,-606.6,24.726,87.302,4.99,0
3/21/2019,11:45:11,0,Default Site,-0.37,-1.47,677,87.556,681,16.4,16.4,1.36,-130.2,124.225,0.33,680.6,-2.16,-6.05,442,-0.67,0,NaN,-606.6,24.722,87.587,4.99,0
3/21/2019,11:45:13,0,Default Site,-0.33,-1.34,677.2,88.08,681.3,16,16,1.33,-130.5,124.968,0.33,680.9,-2.17,-6.06,443,-0.79,0,NaN,-606.6,24.716,88.199,4.99,0
3/21/2019,11:45:15,0,Default Site,-0.38,-1.53,677.1,88.92,681.2,15.6,15.6,1.3,-130.9,126.16,0.33,680.9,-2.12,-5.94,443,-0.76,0,NaN,-606.6,24.709,89.07,4.99,0
3/21/2019,11:45:17,0,Default Site,-0.37,-1.5,677,89.41,681.2,15.2,15.2,1.26,-131.2,126.856,0.33,680.8,-2.13,-5.97,443,-0.82,0,NaN,-606.6,24.707,89.531,4.99,0
3/21/2019,11:45:19,0,Default Site,-0.36,-1.45,677,90.098,681.2,14.9,14.9,1.23,-131.5,127.833,0.33,680.8,-2.09,-5.86,443,-0.81,0,NaN,-606.6,24.704,90.231,4.99,0
3/21/2019,11:45:21,0,Default Site,-0.4,-1.61,677,90.892,681.3,14.6,14.6,1.21,-131.8,128.959,0.33,680.9,-2.13,-5.96,443,-0.79,0,NaN,-606.6,24.7,91.074,4.99,0
3/21/2019,11:45:23,0,Default Site,-0.35,-1.41,677.2,91.778,681.5,14.3,14.3,1.18,-132.1,130.217,0.33,681.1,-2.2,-6.15,443,-0.7,0,NaN,-606.6,24.699,91.884,4.99,0
3/21/2019,11:45:25,0,Default Site,-0.41,-1.65,677.2,92.339,681.6,14,14,1.16,-132.4,131.013,0.33,681.2,-2.05,-5.75,443,-0.77,0,NaN,-606.6,24.695,92.287,4.99,0
3/21/2019,11:45:27,0,Default Site,-0.37,-1.47,676.8,92.253,681.2,13.8,13.8,1.15,-132.7,130.891,0.33,680.8,-2.12,-5.94,443,-0.79,0,NaN,-606.6,24.696,92.273,4.99,0
3/21/2019,11:45:29,0,Default Site,-0.34,-1.34,677.2,92.091,681.6,13.7,13.7,1.14,-133.1,130.661,0.33,681.2,-2.1,-5.88,443,-0.67,0,NaN,-606.6,24.696,92.009,4.99,0
3/21/2019,11:45:31,0,Default Site,-0.32,-1.27,676.9,91.805,681.3,13.6,13.6,1.13,-133.4,130.255,0.33,680.9,-2.13,-5.96,443,-0.74,0,NaN,-606.6,24.695,91.801,4.99,0
3/21/2019,11:45:33,0,Default Site,-0.34,-1.35,676.8,92.05,681.2,13.5,13.5,1.12,-133.7,130.604,0.33,680.8,-2.17,-6.08,443,-0.77,0,NaN,-606.6,24.694,92.226,4.99,0
3/21/2019,11:45:35,0,Default Site,-0.36,-1.46,677,93.011,681.4,13.4,13.4,1.11,-134,131.967,0.33,681,-2.12,-5.93,443,-0.71,0,NaN,-606.6,24.692,93.159,4.99,0
3/21/2019,11:45:37,0,Default Site,-0.43,-1.7,677.3,93.804,681.7,13.3,13.3,1.1,-134.3,133.092,0.33,681.3,-2.14,-6,443,-0.82,0,NaN,-606.6,24.689,93.974,4.99,0
3/21/2019,11:45:39,0,Default Site,-0.37,-1.48,677.3,94.811,681.8,13.2,13.2,1.09,-134.5,134.521,0.33,681.4,-2.15,-6.02,443,-0.79,0,NaN,-606.6,24.686,94.944,4.99,0
3/21/2019,11:45:41,0,Default Site,-0.35,-1.4,677,95.586,681.6,13,13,1.08,-134.8,135.621,0.33,681.1,-2.13,-5.95,443,-0.84,0,NaN,-606.6,24.683,95.734,4.99,0
3/21/2019,11:45:43,0,Default Site,-0.36,-1.46,677.1,96.349,681.7,12.9,12.9,1.07,-135,136.704,0.33,681.3,-2.09,-5.84,443,-0.79,0,NaN,-606.6,24.679,96.481,4.99,0
3/21/2019,11:45:45,0,Default Site,-0.33,-1.34,677.1,96.996,681.8,12.8,12.8,1.06,-135.3,137.623,0.33,681.4,-2.07,-5.8,443,-0.82,0,NaN,-606.6,24.675,97.092,4.99,0
3/21/2019,11:45:47,0,Default Site,-0.36,-1.43,677.1,97.549,681.9,12.7,12.7,1.06,-135.6,138.408,0.33,681.4,-2.13,-5.96,443,-0.81,0,NaN,-606.6,24.668,97.663,4.99,0
3/21/2019,11:45:49,0,Default Site,-0.34,-1.36,676.9,98.132,681.7,12.4,12.4,1.03,-135.9,139.235,0.33,681.3,-2.14,-6,443,-0.71,0,NaN,-606.6,24.663,98.264,4.99,0
3/21/2019,11:45:51,0,Default Site,-0.35,-1.4,677,98.853,682,12.1,12.1,1,-136.2,140.259,0.33,681.5,-2.11,-5.91,443,-0.73,0,NaN,-606.6,24.655,98.983,4.99,0
3/21/2019,11:45:53,0,Default Site,-0.33,-1.3,676.8,99.275,681.7,11.8,11.8,0.98,-136.4,140.858,0.33,681.3,-2.14,-6,443,-0.75,0,NaN,-606.6,24.656,99.237,4.99,0
3/21/2019,11:45:55,0,Default Site,-0.33,-1.33,676.8,99.003,681.8,11.6,11.6,0.96,-136.7,140.472,0.33,681.3,-2.15,-6.02,443,-0.73,0,NaN,-606.6,24.653,99.026,4.99,0
3/21/2019,11:45:57,0,Default Site,-0.36,-1.44,677,99.229,682,11.4,11.4,0.94,-137,140.792,0.33,681.5,-2.11,-5.9,443,-0.67,0,NaN,-606.6,24.653,99.22,4.99,0
3/21/2019,11:45:59,0,Default Site,-0.38,-1.5,677,99.231,682,11.2,11.2,0.93,-137.3,140.796,0.33,681.5,-2.13,-5.97,443,-0.82,0,NaN,-606.6,24.652,99.322,4.99,0
3/21/2019,11:46:01,0,Default Site,-0.37,-1.46,677,99.379,682,11,11,0.92,-137.6,141.006,0.33,681.5,-2.1,-5.87,443,-0.79,0,NaN,-606.6,24.653,99.286,4.99,0
3/21/2019,11:46:03,0,Default Site,-0.36,-1.43,676.9,99.306,681.9,10.9,10.9,0.91,-137.8,140.902,0.33,681.4,-2.09,-5.86,443,-0.85,0,NaN,-606.6,24.651,99.358,4.99,0
3/21/2019,11:46:05,0,Default Site,-0.38,-1.51,676.8,99.292,681.8,10.8,10.8,0.9,-138.1,140.882,0.33,681.3,-2.17,-6.08,443,-0.88,0,NaN,-606.6,24.652,99.307,4.99,0
3/21/2019,11:46:07,0,Default Site,-0.32,-1.3,676.7,99.457,681.7,10.8,10.8,0.89,-138.4,141.116,0.33,681.2,-2.2,-6.17,443,-0.77,0,NaN,-606.6,24.651,99.458,4.99,0
3/21/2019,11:46:09,0,Default Site,-0.28,-1.13,676.8,99.301,681.8,10.7,10.7,0.89,-138.6,140.894,0.33,681.3,-2.15,-6.03,443,-0.75,0,NaN,-606.6,24.653,99.271,4.99,0
3/21/2019,11:46:11,0,Default Site,-0.32,-1.28,676.9,99.077,681.9,10.7,10.7,0.89,-138.8,140.577,0.33,681.4,-2.12,-5.92,443,-0.72,0,NaN,-606.6,24.653,99.013,4.98,0
3/21/2019,11:46:13,0,Default Site,-0.36,-1.46,677,98.818,682,10.6,10.6,0.88,-139.1,140.209,0.33,681.5,-2.09,-5.86,443,-0.83,0,NaN,-606.6,24.653,98.787,4.98,0
3/21/2019,11:46:15,0,Default Site,-0.35,-1.39,676.8,98.579,681.7,10.6,10.6,0.88,-139.4,139.87,0.33,681.3,-2.15,-6.03,443,-0.72,0,NaN,-606.6,24.654,98.508,4.98,0
3/21/2019,11:46:17,0,Default Site,-0.41,-1.62,676.9,98.285,681.9,10.6,10.6,0.88,-139.6,139.453,0.33,681.4,-2.11,-5.9,443,-0.76,0,NaN,-606.6,24.656,98.234,4.98,0
3/21/2019,11:46:19,0,Default Site,-0.34,-1.36,676.9,98.043,681.8,10.6,10.6,0.88,-139.9,139.109,0.33,681.3,-2.12,-5.93,443,-0.89,0,NaN,-606.6,24.658,97.981,4.98,0
3/21/2019,11:46:21,0,Default Site,-0.34,-1.38,676.6,97.709,681.4,10.6,10.6,0.88,-140.1,138.635,0.33,681,-2.12,-5.93,443,-0.72,0,NaN,-606.6,24.661,97.7,4.99,0
3/21/2019,11:46:23,0,Default Site,-0.35,-1.41,677,97.455,681.8,10.7,10.7,0.88,-140.3,138.275,0.33,681.4,-2.09,-5.85,443,-0.77,0,NaN,-606.6,24.662,97.354,4.99,0
3/21/2019,11:46:25,0,Default Site,-0.35,-1.41,676.9,97.175,681.7,10.8,10.8,0.89,-140.5,137.878,0.33,681.3,-2.17,-6.08,443,-0.74,0,NaN,-606.6,24.666,97.113,4.99,0
3/21/2019,11:46:27,0,Default Site,-0.35,-1.41,676.9,96.859,681.6,10.9,10.9,0.91,-140.7,137.429,0.33,681.1,-2.09,-5.84,443,-0.81,0,NaN,-606.6,24.67,96.829,4.99,0
3/21/2019,11:46:29,0,Default Site,-0.32,-1.28,676.7,96.304,681.4,11.1,11.1,0.92,-140.9,136.641,0.33,680.9,-2.13,-5.97,443,-0.79,0,NaN,-606.6,24.675,96.235,4.97,0
